Date,Gas Production
2/25/2015,1340.39094
2/26/2015,2644.82
2/27/2015,2695
2/28/2015,2690
3/1/2015,2542.42
3/2/2015,2372.478
3/3/2015,1645.5
3/4/2015,1281.618
3/5/2015,2705.005
3/6/2015,3063.372
3/7/2015,3168.353
3/8/2015,3235.121
3/9/2015,3236.4679
3/10/2015,3238.01
3/11/2015,3234.4975
3/12/2015,3230.2473
3/13/2015,3225.1958
3/14/2015,3222.4492
3/15/2015,3218.0178
3/16/2015,3214.635
3/17/2015,2689.949
3/18/2015,2696.1865
3/19/2015,3030.38
3/20/2015,2981.09
3/21/2015,2926.79
3/22/2015,2844.029
3/23/2015,2981.83
3/24/2015,2942.78
3/25/2015,2879.36
3/26/2015,2680.89
3/27/2015,2119.36
3/28/2015,3277.017
3/29/2015,3115.6
3/30/2015,3075.012
3/31/2015,3036.946
4/1/2015,2386.65
4/2/2015,3062.1987
4/3/2015,2917.0535
4/4/2015,2840.7928
4/5/2015,2827.444
4/6/2015,2855.7101
4/7/2015,2988.068
4/8/2015,3023.7873
4/9/2015,3011.2541
4/10/2015,2968.3268
4/11/2015,3226.54318
4/12/2015,3266.414
4/13/2015,3223.078
4/14/2015,3284.801
4/15/2015,3371.789
4/16/2015,3400.97
4/17/2015,3435.877
4/18/2015,3015.23239
4/19/2015,2556.899
4/20/2015,2462.453
4/21/2015,2442.06
4/22/2015,2407.373
4/23/2015,2436.082
4/24/2015,2569.744
4/25/2015,2527.4579
4/26/2015,2417.09908
4/27/2015,2397.41463
4/28/2015,2425.7681
4/29/2015,2383.74979
4/30/2015,2402.907
5/1/2015,2454.38763
5/2/2015,2398.888
5/3/2015,2432.119
5/4/2015,2222.232
5/5/2015,2540.4366
5/6/2015,2447.9174
5/7/2015,2460.4635
5/8/2015,2578.053
5/9/2015,2869.9265
5/10/2015,2803.924
5/11/2015,2704.846
5/12/2015,2711.719
5/13/2015,2678.068
5/14/2015,2662.5102
5/15/2015,2676.067
5/16/2015,2621.271
5/17/2015,2422.881
5/18/2015,2314.312
5/19/2015,1747.324
5/20/2015,1771.091
5/21/2015,1763.017
5/22/2015,1759.035
5/23/2015,1737.701
5/24/2015,1717.162
5/25/2015,1722.281
5/26/2015,1726.769
5/27/2015,1719.705
5/28/2015,1714.382
5/29/2015,1710.172
5/30/2015,1672.51
5/31/2015,1602.125
6/1/2015,1594.065
6/2/2015,1637.779
6/3/2015,1562.936
6/4/2015,1373.225
6/5/2015,1329.397
6/6/2015,1392.153
6/7/2015,1381.107
6/8/2015,1378.947
6/9/2015,1384.743
6/10/2015,1304.22
6/11/2015,1430.426
6/12/2015,944.3942
6/13/2015,389.0345
6/14/2015,1192.4354
6/15/2015,1198.151
6/16/2015,1213.053
6/17/2015,1206.742
6/18/2015,1215.6685
6/19/2015,1067.625
6/20/2015,945.2945
6/21/2015,937.5222
6/22/2015,913.3344
6/23/2015,903.6241
6/24/2015,796.9443
6/25/2015,959.6497
6/26/2015,956.9504
6/27/2015,940.32
6/28/2015,919.3503
6/29/2015,888.8817
6/30/2015,957.5914
7/1/2015,947.3743
7/2/2015,946.9557
7/3/2015,924.04
7/4/2015,924.6191
7/5/2015,921.8045
7/6/2015,945.0546
7/7/2015,944.42709
7/8/2015,932.6623
7/9/2015,939.3715
7/10/2015,944.5464
7/11/2015,952.9543
7/12/2015,929.7311
7/13/2015,911.3793
7/14/2015,901.4559
7/15/2015,935.9885
7/16/2015,931.2806
7/17/2015,948.6622
7/18/2015,963.59117
7/19/2015,919.9196
7/20/2015,878.0419
7/21/2015,949.9921
7/22/2015,947.3613
7/23/2015,937.8914
7/24/2015,917.3179
7/25/2015,955.1749
7/26/2015,961.6783
7/27/2015,956.3522
7/28/2015,945.1789
7/29/2015,944.13132
7/30/2015,941.5723
7/31/2015,948.129
8/1/2015,914.674
8/2/2015,910.1907
8/3/2015,956.8398
8/4/2015,944.952
8/5/2015,960.676
8/6/2015,957.813
8/7/2015,956.2801
8/8/2015,621.5778
8/9/2015,954.4626
8/10/2015,957.0186
8/11/2015,948.4684
8/12/2015,930.2942
8/13/2015,912.5832
8/14/2015,941.9448
8/15/2015,945.2346
8/16/2015,942.3287
8/17/2015,950.6289
8/18/2015,929.1479
8/19/2015,933.2228
8/20/2015,949.4333
8/21/2015,954.2469
8/22/2015,957.5311
8/23/2015,944.3694
8/24/2015,854.3694
8/25/2015,937.4959
8/26/2015,917.2609
8/27/2015,917.8317
8/28/2015,964.4993
8/29/2015,979.8779
8/30/2015,955.7249
8/31/2015,978.2577
9/1/2015,979.3429
9/2/2015,979.6527
9/3/2015,982.2739
9/4/2015,974.2814
9/5/2015,983.9487
9/6/2015,984.5724
9/7/2015,985.1855
9/8/2015,986.555
9/9/2015,988.2717
9/10/2015,982.50565
9/11/2015,968.7894
9/12/2015,974.5356
9/13/2015,967.6579
9/14/2015,944.9588
9/15/2015,971.8831
9/16/2015,982.1774
9/17/2015,983.9786
9/18/2015,979.5419
9/19/2015,944.2121
9/20/2015,971.4528
9/21/2015,973.0172
9/22/2015,964.0666
9/23/2015,976.7868
9/24/2015,974.4443
9/25/2015,976.5344
9/26/2015,971.6314
9/27/2015,978.0292
9/28/2015,978.1141
9/29/2015,976.9368
9/30/2015,976.5509
10/1/2015,977.8373
10/2/2015,972.5211
10/3/2015,970.1257
10/4/2015,982.1554
10/5/2015,977.3391
10/6/2015,977.937
10/7/2015,979.1443
10/8/2015,975.6917
10/9/2015,975.4424
10/10/2015,974.6547
10/11/2015,971.391
10/12/2015,971.1342
10/13/2015,979.1456
10/14/2015,979.9352
10/15/2015,976.4887
10/16/2015,978.0857
10/17/2015,977.1611
10/18/2015,965.9993
10/19/2015,971.3571
10/20/2015,968.6024
10/21/2015,968.4613
10/22/2015,971.3746
10/23/2015,975.7211
10/24/2015,978.4349
10/25/2015,970.5208
10/26/2015,974.2131
10/27/2015,976.3254
10/28/2015,974.3287
10/29/2015,971.6687
10/30/2015,971.915
10/31/2015,970.13
11/1/2015,973.89
11/2/2015,971.8964
11/3/2015,971.611
11/4/2015,977.9475
11/5/2015,967.3344
11/6/2015,978.3591
11/7/2015,929.2766
11/8/2015,969.0588
11/9/2015,968.5169
11/10/2015,967.0688
11/11/2015,965.5209
11/12/2015,975.3928
11/13/2015,973.269
11/14/2015,964.7026
11/15/2015,956.9875
11/16/2015,954.1239
11/17/2015,954.5008
11/18/2015,967.6166
11/19/2015,969.0978
11/20/2015,944.1108
11/21/2015,944.6879
11/22/2015,957.8927
11/23/2015,955.773
11/24/2015,955.2079
11/25/2015,952.7086
11/26/2015,954.18288
11/27/2015,959.0377
11/28/2015,950.898
11/29/2015,946.5791
11/30/2015,935.304
12/1/2015,926.8004
12/2/2015,1139.093
12/3/2015,1338.765
12/4/2015,1331.892387
12/5/2015,1361.698
12/6/2015,1364.007
12/7/2015,1359.36
12/8/2015,1360.265
12/9/2015,1342.589
12/10/2015,1326.567
12/11/2015,1352.758
12/12/2015,1352.7
12/13/2015,1353.311
12/14/2015,1342.099
12/15/2015,1347.577
12/16/2015,1361.146
12/17/2015,1767.107
12/18/2015,1917.12
12/19/2015,1907.718
12/20/2015,1899.698
12/21/2015,1891.318
12/22/2015,1881.512
12/23/2015,1869.255
12/24/2015,1857.16
12/25/2015,1844.823
12/26/2015,1835.253
12/27/2015,1828.736
12/28/2015,1818.476
12/29/2015,1787.356
12/30/2015,1788.643
12/31/2015,1776.878
1/1/2016,1743.088
1/2/2016,1718.55
1/3/2016,1768.42
1/4/2016,1769.375
1/5/2016,1759.491
1/6/2016,1778.419
1/7/2016,1761.20117
1/8/2016,1745.72543
1/9/2016,1686.38757
1/10/2016,1656.2416
1/11/2016,1684.02575
1/12/2016,1715.227
1/13/2016,1707.731
1/14/2016,1703.463
1/15/2016,1694.067
1/16/2016,1683.807
1/17/2016,1673.925
1/18/2016,1664.625
1/19/2016,1656.36
1/20/2016,1652.045
1/21/2016,1640.244
1/22/2016,1631.61944
1/23/2016,1624.40732
1/24/2016,1615.841
1/25/2016,1607.273
1/26/2016,1601.695
1/27/2016,1594.817
1/28/2016,1587.206
1/29/2016,1579.432
1/30/2016,1573.066
1/31/2016,1657.776
2/1/2016,1813.97
2/2/2016,1679.206
2/3/2016,1667.144
2/4/2016,1652.797
2/5/2016,1642.266
2/6/2016,1630.984
2/7/2016,1613.321
2/8/2016,1599.896
2/9/2016,1597.124
2/10/2016,1590.332
2/11/2016,1578.162
2/12/2016,1561.702
2/13/2016,1536.002
2/14/2016,1554.257
2/15/2016,1489.388
2/16/2016,1548.137
2/17/2016,1543.01
2/18/2016,1532.593
2/19/2016,1539.103
2/20/2016,1528.306
2/21/2016,1516.973
2/22/2016,1519.317
2/23/2016,1537.001
2/24/2016,1541.48982
2/25/2016,1542.009
2/26/2016,1544.811
2/27/2016,1544.566
2/28/2016,1537.749
2/29/2016,1528.444
3/1/2016,1645.544
3/2/2016,1659.617
3/3/2016,1647.837
3/4/2016,1638.217
3/5/2016,1640.179
3/6/2016,1623.646
3/7/2016,1602.493
3/8/2016,1589.611
3/9/2016,1580.072
3/10/2016,1565.751
3/11/2016,1548.826
3/12/2016,1535.683
3/13/2016,1512.828
3/14/2016,1460.39
3/15/2016,1541.146
3/16/2016,1540.06
3/17/2016,1529.737
3/18/2016,1526.189
3/19/2016,554.2993
3/20/2016,1854.765
3/21/2016,1818.257
3/22/2016,1792.991
3/23/2016,1780.269
3/24/2016,1748.924
3/25/2016,1753.18
3/26/2016,1680.907
3/27/2016,1682.715
3/28/2016,1702.268
3/29/2016,1724.934
3/30/2016,1729.965
3/31/2016,1721.552
4/1/2016,1675.214
4/2/2016,1664.591
4/3/2016,1624.592
4/4/2016,1542.659
4/5/2016,1539.994
4/6/2016,785.9234
4/7/2016,0
4/8/2016,830.5815
4/9/2016,1641.942
4/10/2016,1728.098
4/11/2016,1673.507
4/12/2016,1692.426
4/13/2016,908.1697
4/14/2016,1494.65
4/15/2016,1645.69
4/16/2016,1687.072
4/17/2016,1676.968
4/18/2016,1660.964
4/19/2016,1626.578
4/20/2016,1579.656
4/21/2016,1526.62
4/22/2016,2.016549
4/23/2016,0
4/24/2016,0
4/25/2016,0
4/26/2016,0
4/27/2016,0
4/28/2016,0
4/29/2016,0
4/30/2016,0
5/1/2016,0
5/2/2016,0
5/3/2016,0
5/4/2016,0
5/5/2016,0
5/6/2016,0
5/7/2016,0
5/8/2016,0
5/9/2016,0
5/10/2016,0
5/11/2016,0
5/12/2016,0
5/13/2016,0
5/14/2016,0
5/15/2016,0
5/16/2016,0
5/17/2016,0
5/18/2016,0
5/19/2016,0
5/20/2016,0
5/21/2016,0
5/22/2016,0
5/23/2016,0
5/24/2016,0
5/25/2016,0
5/26/2016,0
5/27/2016,0
5/28/2016,0
5/29/2016,0
5/30/2016,0
5/31/2016,0
6/1/2016,0
6/2/2016,0
6/3/2016,0
6/4/2016,0
6/5/2016,0
6/6/2016,0
6/7/2016,0
6/8/2016,0
6/9/2016,0
6/10/2016,0
6/11/2016,0
6/12/2016,0
6/13/2016,0
6/14/2016,0
6/15/2016,0
6/16/2016,0
6/17/2016,0
6/18/2016,0
6/19/2016,0
6/20/2016,0
6/21/2016,0
6/22/2016,0
6/23/2016,0
6/24/2016,0
6/25/2016,0
6/26/2016,0
6/27/2016,0
6/28/2016,0
6/29/2016,0
6/30/2016,0
7/1/2016,0
7/2/2016,0
7/3/2016,0
7/4/2016,0
7/5/2016,0
7/6/2016,0
7/7/2016,0
7/8/2016,0
7/9/2016,0
7/10/2016,0
7/11/2016,0
7/12/2016,0
7/13/2016,0
7/14/2016,0
7/15/2016,0
7/16/2016,0
7/17/2016,0
7/18/2016,0
7/19/2016,0
7/20/2016,0
7/21/2016,0
7/22/2016,0
7/23/2016,0
7/24/2016,0
7/25/2016,0
7/26/2016,0
7/27/2016,0
7/28/2016,0
7/29/2016,0
7/30/2016,0
7/31/2016,0
8/1/2016,0
8/2/2016,0
8/3/2016,0
8/4/2016,0
8/5/2016,0
8/6/2016,0
8/7/2016,0
8/8/2016,0
8/9/2016,0
8/10/2016,0
8/11/2016,0
8/12/2016,0
8/13/2016,0
8/14/2016,0
8/15/2016,0
8/16/2016,0
8/17/2016,0
8/18/2016,0
8/19/2016,0
8/20/2016,0
8/21/2016,0
8/22/2016,0
8/23/2016,0
8/24/2016,0
8/25/2016,0
8/26/2016,0
8/27/2016,0
8/28/2016,0
8/29/2016,0
8/30/2016,0
8/31/2016,0
9/1/2016,0
9/2/2016,1106.443
9/3/2016,1785.675
9/4/2016,1754.389
9/5/2016,1728.791
9/6/2016,1720.2259
9/7/2016,1703.496
9/8/2016,1707.0357
9/9/2016,1707.498
9/10/2016,1763.13
9/11/2016,1759.49
9/12/2016,1762.4281
9/13/2016,1761.069
9/14/2016,1753.84
9/15/2016,1760.967
9/16/2016,1716.741
9/17/2016,1706.04
9/18/2016,1730.427
9/19/2016,1723.836
9/20/2016,1724.458
9/21/2016,1720.965
9/22/2016,1716.121
9/23/2016,1714.444
9/24/2016,1704.335
9/25/2016,1704.424
9/26/2016,1693.936
9/27/2016,1682.71
9/28/2016,1696.3
9/29/2016,1689.339
9/30/2016,1665.89
10/1/2016,1615.446
10/2/2016,1609.387
10/3/2016,1606.954
10/4/2016,1598.834
10/5/2016,1587.902
10/6/2016,1583.45
10/7/2016,1573.669
10/8/2016,1575.533
10/9/2016,1573.416
10/10/2016,1567.575
10/11/2016,1574.134
10/12/2016,1553.489
10/13/2016,1609.061
10/14/2016,1572.694
10/15/2016,1574.814
10/16/2016,1574.515
10/17/2016,1576.05042
10/18/2016,1576.004
10/19/2016,1576.0482
10/20/2016,1560.386
10/21/2016,1552.429
10/22/2016,1548.425
10/23/2016,1544.907
10/24/2016,1540.4
10/25/2016,1539.799
10/26/2016,1531.761
10/27/2016,1526.46
10/28/2016,1443.012
10/29/2016,1603.699
10/30/2016,1557.063
10/31/2016,1546.144
11/1/2016,1540.786
11/2/2016,1551.537
11/3/2016,1534.867
11/4/2016,1531.661
11/5/2016,1537.174
11/6/2016,1527.293
11/7/2016,1481.071
11/8/2016,1484.518
11/9/2016,1501.37
11/10/2016,1497.76
11/11/2016,1507.149
11/12/2016,1505.935
11/13/2016,1505.935
11/14/2016,1505.93
11/15/2016,1479.326
11/16/2016,1492.542
11/17/2016,1483.008
11/18/2016,1470.014
11/19/2016,1466.718
11/20/2016,1447.341
11/21/2016,1387.936
11/22/2016,1419.479
11/23/2016,1445.637
11/24/2016,1433.66
11/25/2016,1423.186
11/26/2016,1414.809
11/27/2016,1419.738
11/28/2016,1432.882
11/29/2016,518.872
11/30/2016,665.236
12/1/2016,1598.195
12/2/2016,703.248
12/3/2016,1449.781
12/4/2016,2099.33
12/5/2016,2111.036
12/6/2016,2167.3
12/7/2016,2218.261
12/8/2016,1205.777
12/9/2016,1910.4381
12/10/2016,1918.7954
12/11/2016,2115.168
12/12/2016,2065.792
12/13/2016,2062.016
12/14/2016,2072.261
12/15/2016,2058.752
12/16/2016,2013.064
12/17/2016,2069.329
12/18/2016,1719.881
12/19/2016,1532.06
12/20/2016,1528.09
12/21/2016,1555.613
12/22/2016,1542.915
12/23/2016,1519.786
12/24/2016,1535.049
12/25/2016,1510.11
12/26/2016,1484.726
12/27/2016,1497.485
12/28/2016,1513.816
12/29/2016,1530.683
12/30/2016,1506.13
12/31/2016,1477.986
1/1/2017,1454.29
1/2/2017,1492.706
1/3/2017,1501.98
1/4/2017,1465.52
1/5/2017,1514.633
1/6/2017,1544.39
1/7/2017,1514.668
1/8/2017,1461.667
1/9/2017,1508.502
1/10/2017,1539.662
1/11/2017,1518.925
1/12/2017,1531.164
1/13/2017,1540.656
1/14/2017,1553.894
1/15/2017,1525.735
1/16/2017,1480.673
1/17/2017,1485.635
1/18/2017,1534.964
1/19/2017,1573.025
1/20/2017,1587.391
1/21/2017,1600.322
1/22/2017,1523.322
1/23/2017,1511.702
1/24/2017,1532.177
1/25/2017,1543.066
1/26/2017,1524.397
1/27/2017,1495.994
1/28/2017,1474.227
1/29/2017,1427.125
1/30/2017,1426.697
1/31/2017,1453.971
2/1/2017,1499.89
2/2/2017,1513.34
2/3/2017,1506.806
2/4/2017,1488.359
2/5/2017,1477.024
2/6/2017,1341.374
2/7/2017,1134.663
2/8/2017,1127.527
2/9/2017,1135.496
2/10/2017,1123.269
2/11/2017,1083.952
2/12/2017,1119.984
2/13/2017,1127.061
2/14/2017,1125.949
2/15/2017,1158.648
2/16/2017,1197.696
2/17/2017,1218.053
2/18/2017,1192.256
2/19/2017,1216.217
2/20/2017,1224.991
2/21/2017,1185.913
2/22/2017,1219.935
2/23/2017,1248.262
2/24/2017,1107.5684
2/25/2017,1228.228
2/26/2017,1204.99
2/27/2017,1179.698
2/28/2017,1139.217
3/1/2017,1175.956
3/2/2017,1312.183
3/3/2017,1477.068
3/4/2017,1458.24
3/5/2017,1195.921
3/6/2017,1140.476
3/7/2017,1097.92
3/8/2017,1081.576
3/9/2017,1102.504
3/10/2017,1085.121
3/11/2017,1097.268
3/12/2017,1077.935
3/13/2017,1078.401
3/14/2017,1091.347
3/15/2017,1109.795
3/16/2017,1119.372
3/17/2017,1155.356
3/18/2017,1145.077
3/19/2017,1081.18
3/20/2017,1060.207
3/21/2017,1077.056
3/22/2017,1123
3/23/2017,1162.12583
3/24/2017,1141.044
3/25/2017,1100.021
3/26/2017,1101.452
3/27/2017,1088.851
3/28/2017,1091.283
3/29/2017,1121.095
3/30/2017,1168.58
3/31/2017,1170.304
4/1/2017,1161.698
4/2/2017,1128.245
4/3/2017,1090.343
4/4/2017,1059.777
4/5/2017,1071.973
4/6/2017,1127.279
4/7/2017,1111.93
4/8/2017,1111.754377
4/9/2017,1024.141
4/10/2017,1017.89
4/11/2017,1298.381
4/12/2017,1492.639
4/13/2017,1543.079
4/14/2017,1458.459
4/15/2017,1457.105
4/16/2017,1461.81
4/17/2017,1468.171
4/18/2017,1446.888
4/19/2017,1489.907
4/20/2017,1535.33
4/21/2017,1563.769
4/22/2017,1581.75
4/23/2017,1550.781
4/24/2017,1536.471
4/25/2017,1517.617
4/26/2017,1520.846
4/27/2017,1528.19
4/28/2017,1527.174
4/29/2017,1383.92
4/30/2017,1329.09
5/1/2017,1379.139
5/2/2017,1279.876
5/3/2017,1281.334
5/4/2017,1271.843
5/5/2017,1267.74
5/6/2017,1280.90042
5/7/2017,1275.300278
5/8/2017,1281.628
5/9/2017,1297.919
5/10/2017,1295.679
5/11/2017,1295.835
5/12/2017,1294.674
5/13/2017,1289.68
5/14/2017,1280.817
5/15/2017,1291
5/16/2017,1271.325
5/17/2017,1288.878
5/18/2017,924.2917
5/19/2017,698.4035
5/20/2017,823.8084
5/21/2017,1074.088
5/22/2017,1071.224
5/23/2017,1030.882
5/24/2017,1064.534
5/25/2017,1167.509
5/26/2017,1215.693
5/27/2017,1083.081
5/28/2017,1086.945
5/29/2017,1129.425
5/30/2017,1065.818
5/31/2017,776.359
6/1/2017,661.451
6/2/2017,671.922
6/3/2017,702.4829
6/4/2017,697.299
6/5/2017,689.8619
6/6/2017,701.8724
6/7/2017,737.2548
6/8/2017,749.0997
6/9/2017,754
6/10/2017,775.1313
6/11/2017,769.7454
6/12/2017,717.1076
6/13/2017,742.8763
6/14/2017,716.6958
6/15/2017,718.3237
6/16/2017,732.743
6/17/2017,695.0366
6/18/2017,690.7079
6/19/2017,695.5945
6/20/2017,718.2554
6/21/2017,708.0752
6/22/2017,695.1489
6/23/2017,700.854
6/24/2017,924.2752
6/25/2017,1054.185
6/26/2017,982.987
6/27/2017,986.554
6/28/2017,1237.395
6/29/2017,1477.692
6/30/2017,1488.976
7/1/2017,1209.5
7/2/2017,1460.43467
7/3/2017,1429.262
7/4/2017,1420.505
7/5/2017,1453.589
7/6/2017,1460.038
7/7/2017,1457.043
7/8/2017,1459.337
7/9/2017,1512.96028
7/10/2017,1537.705
7/11/2017,1558.235
7/12/2017,1514.252
7/13/2017,1520.946
7/14/2017,1593.051
7/15/2017,1611.471
7/16/2017,1220.253
7/17/2017,1149.902
7/18/2017,1165.698
7/19/2017,1165.846
7/20/2017,1173.752
7/21/2017,1174.365
7/22/2017,1177.038
7/23/2017,1158.222
7/24/2017,973.8075
7/25/2017,997.5554
7/26/2017,1115.182
7/27/2017,1087.036
7/28/2017,1157.5133
7/29/2017,1142.82729
7/30/2017,1066.534
7/31/2017,992.0525
8/1/2017,1007.905
8/2/2017,1023.006
8/3/2017,1031.441
8/4/2017,1006.595
8/5/2017,967.601
8/6/2017,964.4017
8/7/2017,967.0154
8/8/2017,1017.55
8/9/2017,1007.743
8/10/2017,1021.417
8/11/2017,827.458
8/12/2017,1161.682
8/13/2017,1387.109
8/14/2017,1336.278
8/15/2017,1357.266
8/16/2017,1382.315
8/17/2017,1360.717
8/18/2017,1388.104
8/19/2017,1409.903
8/20/2017,1400.155
8/21/2017,1311.701
8/22/2017,1368.557
8/23/2017,1452.44685
8/24/2017,1530.907
8/25/2017,1504.432
8/26/2017,1506.9
8/27/2017,1243.221
8/28/2017,1420.861
8/29/2017,1437.106
8/30/2017,1255.763
8/31/2017,1361.468
9/1/2017,1506.001
9/2/2017,1350.025
9/3/2017,1247.349
9/4/2017,1313.593
9/5/2017,1292.199
9/6/2017,1306.965
9/7/2017,1322.814
9/8/2017,1354.739
9/9/2017,1393.083
9/10/2017,1339.931
9/11/2017,1341.03
9/12/2017,1436.99
9/13/2017,1342.174
9/14/2017,1499.265
9/15/2017,1493.726
9/16/2017,1087.793
9/17/2017,735.8013
9/18/2017,790.4019
9/19/2017,761.989
9/20/2017,734.5387
9/21/2017,794.6636
9/22/2017,705.0960659
9/23/2017,745.3807
9/24/2017,732.9777
9/25/2017,746.77
9/26/2017,779.4304
9/27/2017,778.1541
9/28/2017,760.315
9/29/2017,790.125
9/30/2017,756.2994
10/1/2017,730.258
10/2/2017,726.4966
10/3/2017,760.258
10/4/2017,752.124
10/5/2017,771.025
10/6/2017,758.5499
10/7/2017,766.9976
10/8/2017,764.6887
10/9/2017,732.9008
10/10/2017,784.3943
10/11/2017,782.2851
10/12/2017,748.5513
10/13/2017,761.2373
10/14/2017,784.9174
10/15/2017,919.8206
10/16/2017,957.1366
10/17/2017,961.434
10/18/2017,1219.945
10/19/2017,1412.033
10/20/2017,1386.693
10/21/2017,1431.406
10/22/2017,1374.425
10/23/2017,1212.568
10/24/2017,1022.272
10/25/2017,1062.421
10/26/2017,999.996
10/27/2017,1042.45996
10/28/2017,1063.153
10/29/2017,1073.177
10/30/2017,1055.502
10/31/2017,1079.502
11/1/2017,1094.334
11/2/2017,1072.065
11/3/2017,1084.962
11/4/2017,1091.293
11/5/2017,1073.072
11/6/2017,1053.562
11/7/2017,1024.154
11/8/2017,1047.094
11/9/2017,1079.762
11/10/2017,1080.932
11/11/2017,993.9802
11/12/2017,1020.444
11/13/2017,1021.078
11/14/2017,1046.674
11/15/2017,1008.223
11/16/2017,1045.634
11/17/2017,921.2181
11/18/2017,1025.022
11/19/2017,1021.2518
11/20/2017,1046.4827
11/21/2017,1033.41
11/22/2017,1040.256
11/23/2017,1014.457
11/24/2017,1033.558
11/25/2017,1045.274
11/26/2017,1053.3331
11/27/2017,1037.784
11/28/2017,1053.357
11/29/2017,1057.81
11/30/2017,1053.163
12/1/2017,1063.642106
12/2/2017,1040.245
12/3/2017,991.9026
12/4/2017,1063.114
12/5/2017,1050.806
12/6/2017,1052.166
12/7/2017,1061.244
12/8/2017,1091.807
12/9/2017,1045.171
12/10/2017,1068.333
12/11/2017,1075.362
12/12/2017,1090.094
12/13/2017,1088.424
12/14/2017,1096.826
12/15/2017,1111.658
12/16/2017,1056.061
12/17/2017,1081.873
12/18/2017,1056.185419
12/19/2017,1060.7044
12/20/2017,1085.644457
12/21/2017,1081.023
12/22/2017,1102.505
12/23/2017,1105.053
12/24/2017,1094.105
12/25/2017,1085.224
12/26/2017,1095.126
12/27/2017,1103.629
12/28/2017,1097.852
12/29/2017,1087.969
12/30/2017,1098.115
12/31/2017,1099.659
1/1/2018,1098.376
1/2/2018,1098.203
1/3/2018,1105.521
1/4/2018,1098.868
1/5/2018,1082.76
1/6/2018,1100.295
1/7/2018,1092.645
1/8/2018,1100.57
1/9/2018,1102.453
1/10/2018,1107.083
1/11/2018,1095.531
1/12/2018,1017.616
1/13/2018,1561.772
1/14/2018,1783.436
1/15/2018,1599.73
1/16/2018,1133.85483
1/17/2018,1124.741
1/18/2018,1132.821
1/19/2018,1131.021
1/20/2018,1101.943
1/21/2018,1082.695
1/22/2018,1089.347
1/23/2018,1074.127
1/24/2018,1058.12
1/25/2018,1088.001
1/26/2018,1072.489
1/27/2018,1070.554
1/28/2018,1072.786
1/29/2018,1014.064
1/30/2018,1045.783
1/31/2018,1077
2/1/2018,1080.328
2/2/2018,1053.02
2/3/2018,1119.567
2/4/2018,1086.485
2/5/2018,1072.924
2/6/2018,1051.457
2/7/2018,1095.924
2/8/2018,1086.486
2/9/2018,1067.964
2/10/2018,1075.964
2/11/2018,1066.449
2/12/2018,1046.894
2/13/2018,1084.179
2/14/2018,1107.175
2/15/2018,1140.112
2/16/2018,1135.269
2/17/2018,1139.471
2/18/2018,1137.521
2/19/2018,1136.965476
2/20/2018,1145.142
2/21/2018,1137.7683
2/22/2018,1147.1666
2/23/2018,1142.224
2/24/2018,1050.364
2/25/2018,1144.703
2/26/2018,1154.82
2/27/2018,1141.397
2/28/2018,1147.766
3/1/2018,1150.342
3/2/2018,1144.945
3/3/2018,1173.704
3/4/2018,1116.622
3/5/2018,1133.021
3/6/2018,1112.082
3/7/2018,1149.231
3/8/2018,1129.291
3/9/2018,1138
3/10/2018,1139.927
3/11/2018,1121.793
3/12/2018,1123.412
3/13/2018,1078.361
3/14/2018,1116.438
3/15/2018,1147.634
3/16/2018,1144.965
3/17/2018,1132.135
3/18/2018,1109.757
3/19/2018,1110.022
3/20/2018,1107.839
3/21/2018,1073.875
3/22/2018,1101.656
3/23/2018,1110.178
3/24/2018,1116.544
3/25/2018,1110.824
3/26/2018,1110.611
3/27/2018,1102.603
3/28/2018,1103.614
3/29/2018,1098.109
3/30/2018,1115.008
3/31/2018,1116.224
4/1/2018,1114.915
4/2/2018,1119.85
4/3/2018,1120.333
4/4/2018,1113.839
4/5/2018,1111.569
4/6/2018,1120.66
4/7/2018,1108.854
4/8/2018,1100.508
4/9/2018,1115.029
4/10/2018,1113.508
4/11/2018,1117.968
4/12/2018,1110.371
4/13/2018,1094.136
4/14/2018,1065.489
4/15/2018,1067.744
4/16/2018,1070.293
4/17/2018,1086.736
4/18/2018,1072.881
4/19/2018,1084.288
4/20/2018,1102.072
4/21/2018,1116.49
4/22/2018,1115.038
4/23/2018,1111.5019
4/24/2018,1112.5203
4/25/2018,1108.7425
4/26/2018,1112.0721
4/27/2018,1093.1492
4/28/2018,1115.754
4/29/2018,1093.8866
4/30/2018,1102.6407
5/1/2018,1033.7039
5/2/2018,1108.602
5/3/2018,1102.393
5/4/2018,1004.632
5/5/2018,1121.142
5/6/2018,1100.058
5/7/2018,861.1645
5/8/2018,0
5/9/2018,1064.647
5/10/2018,1024.321
5/11/2018,988.2629
5/12/2018,1016.091
5/13/2018,1032.192
5/14/2018,1070.737
5/15/2018,1067.289
5/16/2018,1075.636
5/17/2018,1080.348
5/18/2018,1083.593
5/19/2018,1076.521
5/20/2018,1095.403
5/21/2018,1090.959
5/22/2018,1097.6719
5/23/2018,1104.4133
5/24/2018,1096.578
5/25/2018,1090.2276
5/26/2018,1096.855
5/27/2018,1099.0409
5/28/2018,1091.2401
5/29/2018,1105.4385
5/30/2018,1093.0887
5/31/2018,1092.9264
6/1/2018,1096.907
6/2/2018,1102.333
6/3/2018,1110.582
6/4/2018,1106.77
6/5/2018,1104.864
6/6/2018,1102.743
6/7/2018,1105.144
6/8/2018,1104.525
6/9/2018,1106.926
6/10/2018,1104.525
6/11/2018,1118.131
6/12/2018,1110.814
6/13/2018,1093.387
6/14/2018,1005.921
6/15/2018,995.1282
6/16/2018,980.342
6/17/2018,1284.406
6/18/2018,1445.492
6/19/2018,1432.922
6/20/2018,1434.653
6/21/2018,1438.4546
6/22/2018,1430.8817
6/23/2018,1424.4066
6/24/2018,1426.345
6/25/2018,1435.2661
6/26/2018,1434.057
6/27/2018,1428.4992
6/28/2018,1432.1925
6/29/2018,1438.4269
6/30/2018,1331.3991
7/1/2018,1337.542
7/2/2018,1099.815
7/3/2018,998.3179
7/4/2018,990.6862
7/5/2018,979.4081
7/6/2018,980.4668
7/7/2018,974.1685
7/8/2018,982.2072
7/9/2018,982.5035
7/10/2018,987.8387
7/11/2018,995.518
7/12/2018,975.0903
7/13/2018,990.8371
7/14/2018,995.7414
7/15/2018,1000.833
7/16/2018,1006.706
7/17/2018,1003.946
7/18/2018,1147.964
7/19/2018,1322.655
7/20/2018,1087.716
7/21/2018,949.4647
7/22/2018,973.9179
7/23/2018,959.0633
7/24/2018,968.0741
7/25/2018,958.1903
7/26/2018,1391.13
7/27/2018,1783.1594
7/28/2018,1491.871
7/29/2018,952.9508
7/30/2018,957.3202
7/31/2018,956.3417
8/1/2018,969.0594
8/2/2018,965.7189
8/3/2018,955.5841
8/4/2018,959.2889
8/5/2018,968.5546
8/6/2018,982.3132
8/7/2018,968.1316
8/8/2018,985.8076
8/9/2018,974.4184
8/10/2018,974.4184
8/11/2018,976.4744
8/12/2018,977.8223
8/13/2018,991.5661
8/14/2018,966.3417
8/15/2018,982.7814
8/16/2018,950.1954
8/17/2018,952.278
8/18/2018,952.5298
8/19/2018,926.9279
8/20/2018,977.7021
8/21/2018,913.3746
8/22/2018,923.4066
8/23/2018,920.3234
8/24/2018,940.5975
8/25/2018,937.034
8/26/2018,945.7523
8/27/2018,949.0287
8/28/2018,945.482
8/29/2018,956.6746
8/30/2018,971.2209
8/31/2018,962.7407
9/1/2018,971.2062
9/2/2018,978.6707
9/3/2018,960.9513
9/4/2018,966.9056
9/5/2018,976.7604
9/6/2018,979.8969
9/7/2018,988.7895
9/8/2018,989.5814
9/9/2018,983.9799
9/10/2018,989.0623
9/11/2018,990.1239
9/12/2018,992.7931
9/13/2018,995.623
9/14/2018,960.3217
9/15/2018,994.65
9/16/2018,996.4601
9/17/2018,985.7365
9/18/2018,943.7994
9/19/2018,952.6808
9/20/2018,955.1018
9/21/2018,946.0259
9/22/2018,939.5972
9/23/2018,932.9578
9/24/2018,962.7056
9/25/2018,946.684
9/26/2018,956.176
9/27/2018,984.6913
9/28/2018,945.1564
9/29/2018,1115.058
9/30/2018,1283.743
10/1/2018,1268.7819
10/2/2018,1291.5696
10/3/2018,1262.052
10/4/2018,1265.712
10/5/2018,1293.543
10/6/2018,1294.12
10/7/2018,1296.479
10/8/2018,1304.932
10/9/2018,1277.652
10/10/2018,1280.585
10/11/2018,1311.652
10/12/2018,1310.958
10/13/2018,1298.952
10/14/2018,1303.803
10/15/2018,1306.942
10/16/2018,1296.287
10/17/2018,1312.678
10/18/2018,1297.91
10/19/2018,1307.4647
10/20/2018,1307.4977
10/21/2018,1281.7597
10/22/2018,1277.287
10/23/2018,1295.736
10/24/2018,1295.0789
10/25/2018,1286.898
10/26/2018,1419.4855
10/27/2018,1598.1085
10/28/2018,1592.2296
10/29/2018,1612.561
10/30/2018,1580.561
10/31/2018,1594.065
11/1/2018,1518.139
11/2/2018,1547.205
11/3/2018,1614.553
11/4/2018,1578.112
11/5/2018,1490.839
11/6/2018,1513.668
11/7/2018,1554.22
11/8/2018,1463.524
11/9/2018,1469.138
11/10/2018,1599.102
11/11/2018,1602.705
11/12/2018,1606.967
11/13/2018,1596.997
11/14/2018,1616.327
11/15/2018,1611.441
11/16/2018,1598.566
11/17/2018,1600.789
11/18/2018,1543.4725
11/19/2018,1569.6785
11/20/2018,1543.4222
11/21/2018,1531.366
11/22/2018,1530.9021
11/23/2018,1538.1812
11/24/2018,1534.742
11/25/2018,1542.7063
11/26/2018,1544.0548
11/27/2018,1474.9014
11/28/2018,1454.739
11/29/2018,1459.718
11/30/2018,1451.47
12/1/2018,1462.828
12/2/2018,1460.754
12/3/2018,1452.814
12/4/2018,1462.363
12/5/2018,1511.516
12/6/2018,1492.484
12/7/2018,1487.986
12/8/2018,1477.983
12/9/2018,1169.934
12/10/2018,949.902
12/11/2018,709.7761
12/12/2018,1423.4331
12/13/2018,1586.683
12/14/2018,1571.33
12/15/2018,1546.47
12/16/2018,1522.758
12/17/2018,1526.861
12/18/2018,1501.8722
12/19/2018,1515.041
12/20/2018,1496.0076
12/21/2018,1495.9717
12/22/2018,1504.5921
12/23/2018,1488.0394
12/24/2018,1465.1331
12/25/2018,1494.6103
12/26/2018,1474.2923
12/27/2018,1494.9255
12/28/2018,1476.851
12/29/2018,1464.564
12/30/2018,1458.489
12/31/2018,1453.714
1/1/2019,1456.637
1/2/2019,1439.311
1/3/2019,1438.732
1/4/2019,1447.728
1/5/2019,1447.519
1/6/2019,1427.114
1/7/2019,1436.389
1/8/2019,1419.426
1/9/2019,1418.379
1/10/2019,1413.466
1/11/2019,1375.781
1/12/2019,1216.247
1/13/2019,1222.175
1/14/2019,1160.179
1/15/2019,1138.346
1/16/2019,1138.759
1/17/2019,1147.5955
1/18/2019,1158.8763
1/19/2019,1153.8547
1/20/2019,1156.2882
1/21/2019,1162.5285
1/22/2019,1157.3996
1/23/2019,1158.1492
1/24/2019,1163.926
1/25/2019,1168.5388
1/26/2019,1164.6542
1/27/2019,1174.099
1/28/2019,1161.295
1/29/2019,1176.818
1/30/2019,1174.111
1/31/2019,1172.4
2/1/2019,1183.54
2/2/2019,1172.057
2/3/2019,1180.13
2/4/2019,1144.877
2/5/2019,1142.21
2/6/2019,1136.887
2/7/2019,1129.798
2/8/2019,1130.678
2/9/2019,1136.277
2/10/2019,1131.543
2/11/2019,1152.387
2/12/2019,1131.238
2/13/2019,1126.053
2/14/2019,1125.486
2/15/2019,1132.068
2/16/2019,1126.1383
2/17/2019,1124.5242
2/18/2019,1139.5344
2/19/2019,1134.4539
2/20/2019,1145.6264
2/21/2019,1131.2365
2/22/2019,1144.2873
2/23/2019,1131.4173
2/24/2019,1140.0519
2/25/2019,1144.7239
2/26/2019,1137.1968
2/27/2019,1147.2849
2/28/2019,1147.438
3/1/2019,1145.5924
3/2/2019,1132.852
3/3/2019,1158.907
3/4/2019,1160.893
3/5/2019,1162.0617
3/6/2019,1143.931
3/7/2019,1146.307
3/8/2019,1141.171
3/9/2019,1138.427
3/10/2019,1142.998
3/11/2019,1134.715
3/12/2019,1135.374
3/13/2019,1140.838
3/14/2019,1135.329
3/15/2019,1140.157
3/16/2019,1140.41
3/17/2019,1141.408
3/18/2019,1137.4923
3/19/2019,1127.1431
3/20/2019,1135.1024
3/21/2019,1141.4642
3/22/2019,1133.2243
3/23/2019,1136.9008
3/24/2019,1135.3507
3/25/2019,1106.5863
3/26/2019,1100.9985
3/27/2019,1096.6366
3/28/2019,1107.6134
3/29/2019,1123.32
3/30/2019,1122.333
3/31/2019,1119.823
4/1/2019,1055.8174
4/2/2019,1107.359
4/3/2019,1106.983
4/4/2019,1099.253
4/5/2019,1098.379
4/6/2019,1091.351
4/7/2019,1094.768
4/8/2019,1095.908
4/9/2019,1110.688
4/10/2019,1111.823
4/11/2019,1106.415
4/12/2019,1109.886
4/13/2019,1942.687
4/14/2019,2020.185
4/15/2019,1975.125
4/16/2019,1904.6538
4/17/2019,1937.785
4/18/2019,1899.128
4/19/2019,1821.332
4/20/2019,1822.0445
4/21/2019,1771.0172
4/22/2019,1741.6837
4/23/2019,1703.6194
4/24/2019,1689.2541
4/25/2019,1038.2508
4/26/2019,1081.3976
4/27/2019,1076.1815
4/28/2019,1095.1706
4/29/2019,1069.1401
4/30/2019,1073.7964
5/1/2019,1086.767
5/2/2019,1077.845
5/3/2019,1084.03
5/4/2019,1107.9
5/5/2019,1089.902
5/6/2019,1095.0078
5/7/2019,1100.7984
5/8/2019,1106.3946
5/9/2019,1103.971
5/10/2019,1104.9836
5/11/2019,1107.483
5/12/2019,1108.4053
5/13/2019,1111.9889
5/14/2019,1071.4355
5/15/2019,1119.9076
5/16/2019,1121.6374
5/17/2019,1129.1069
5/18/2019,1120.314
5/19/2019,1131.5277
5/20/2019,1131.7101
5/21/2019,1079.7296
5/22/2019,1031.2861
5/23/2019,1021.5991
5/24/2019,1026.8436
5/25/2019,1032.8801
5/26/2019,1035.9858
5/27/2019,1039.4791
5/28/2019,1049.4447
5/29/2019,1058.7868
5/30/2019,1058.0085
5/31/2019,1065.4438
6/1/2019,1073.547
6/2/2019,1070.041
6/3/2019,1074.32
6/4/2019,1086.499
6/5/2019,1063.968
6/6/2019,1063.782
6/7/2019,1092.7905
6/8/2019,1028.6027
6/9/2019,1024.5098
6/10/2019,1031.8016
6/11/2019,1035.9641
6/12/2019,1041.7053
6/13/2019,1051.1306
6/14/2019,1069.9425
6/15/2019,1087.197
6/16/2019,1075.336
6/17/2019,1035.223
6/18/2019,1070.823
6/19/2019,1049.525
6/20/2019,1033.726
6/21/2019,1029.778
6/22/2019,1031.041
6/23/2019,1036.296
6/24/2019,1036.839
6/25/2019,1048.794
6/26/2019,1052.491
6/27/2019,1053.337
6/28/2019,1053.128
6/29/2019,1057.7035
6/30/2019,1054.6337
7/1/2019,1057.038
7/2/2019,1059.535
7/3/2019,1063.436
7/4/2019,1064.753
7/5/2019,1065.66
7/6/2019,1069.3765
7/7/2019,1069.782
7/8/2019,1070.96
7/9/2019,1028.6913
7/10/2019,1036.0213
7/11/2019,1014.5639
7/12/2019,1018.6501
7/13/2019,1013.815
7/14/2019,1020.2857
7/15/2019,1024.2458
7/16/2019,1025.2407
7/17/2019,1025.3463
7/18/2019,1027.9787
7/19/2019,1038.515
7/20/2019,1006.351
7/21/2019,660.8174
7/22/2019,1079.371
7/23/2019,1075.438
7/24/2019,1066.9623
7/25/2019,1060.453
7/26/2019,1063.735
7/27/2019,1068.377
7/28/2019,1075.385
7/29/2019,1076.0838
7/30/2019,1067.9653
7/31/2019,1074.025
8/1/2019,1879.46
8/2/2019,2011.27
8/3/2019,1991.889
8/4/2019,1925.02
8/5/2019,1859.534
8/6/2019,1859.183
8/7/2019,1621.611
8/8/2019,1003.1566
8/9/2019,1001.2466
8/10/2019,1008.6
8/11/2019,1031.0744
8/12/2019,1053.069
8/13/2019,1060.3788
8/14/2019,1069.9289
8/15/2019,1065.0092
8/16/2019,1074.7955
8/17/2019,1077.6954
8/18/2019,1079.707
8/19/2019,1371.227
8/20/2019,1513.8435
8/21/2019,1487.4903
8/22/2019,1477.606
8/23/2019,1451.92
8/24/2019,1443.0454
8/25/2019,1448.392
8/26/2019,1438.902
8/27/2019,1042.34
8/28/2019,1125.32
8/29/2019,1412.3737
8/30/2019,1524.535
8/31/2019,1505.8275
9/1/2019,1500.5275
9/2/2019,1490.2812
9/3/2019,1477.879
9/4/2019,1467.967
9/5/2019,1455.661
9/6/2019,1439.74
9/7/2019,1420.6198
9/8/2019,1407.477
9/9/2019,1397.5624
9/10/2019,1431.6004
9/11/2019,1520.8285
9/12/2019,1509.4256
9/13/2019,1492.9295
9/14/2019,1459.7278
9/15/2019,1453.6161
9/16/2019,1441.5055
9/17/2019,1457.9306
9/18/2019,1456.627
9/19/2019,1421.767
9/20/2019,1418.109
9/21/2019,1406.066
9/22/2019,1396.702
9/23/2019,1385.874
9/24/2019,1408.022
9/25/2019,1431.53
9/26/2019,1425.805
9/27/2019,1395.789
9/28/2019,1361.3278
9/29/2019,1345.262
9/30/2019,1352.93
10/1/2019,1329.873
10/2/2019,1325.639
10/3/2019,1314.451
10/4/2019,1319.786
10/5/2019,1322.263
10/6/2019,1324.402
10/7/2019,1330.846
10/8/2019,1325.1618
10/9/2019,1319.0563
10/10/2019,1313.4407
10/11/2019,1311.1157
10/12/2019,1308.0011
10/13/2019,1304.7133
10/14/2019,1305.8068
10/15/2019,1310.917
10/16/2019,1315.0815
10/17/2019,1311.5662
10/18/2019,1374.561
10/19/2019,1338.619
10/20/2019,1305.3165
10/21/2019,1309.3337
10/22/2019,1315.833
10/23/2019,1313.911
10/24/2019,1318.167
10/25/2019,1308.219
10/26/2019,1305.906
10/27/2019,1304.888
10/28/2019,1302.159
10/29/2019,1304.545
10/30/2019,1300.657
10/31/2019,1287.481
11/1/2019,1296.902
11/2/2019,1136.794
11/3/2019,1305.474
11/4/2019,1305.8722
11/5/2019,1306.755
11/6/2019,1306.1
11/7/2019,1307.3625
11/8/2019,1309.0338
11/9/2019,1308.6202
11/10/2019,1306.9943
11/11/2019,1287.3999
11/12/2019,1284.0786
11/13/2019,1283.7692
11/14/2019,1288.9232
11/15/2019,1285.6176
11/16/2019,1290.7258
11/17/2019,1300.355
11/18/2019,1302.743
11/19/2019,1307.199
11/20/2019,1300.227
11/21/2019,1313.578
11/22/2019,1306.135
11/23/2019,1297.771
11/24/2019,1301.605
11/25/2019,1300.626
11/26/2019,1288.039
11/27/2019,1287.652
11/28/2019,1284.221
11/29/2019,1282.3253
11/30/2019,1294.615
12/1/2019,1291.191
12/2/2019,1293.792
12/3/2019,1293.792
12/4/2019,1313.677
12/5/2019,1287.177
12/6/2019,1284.665
12/7/2019,1272.8227
12/8/2019,1291.1192
12/9/2019,1296.4376
12/10/2019,1292.1565
12/11/2019,1295.2414
12/12/2019,1267.8706
12/13/2019,1668.0102
12/14/2019,1697.6305
12/15/2019,1631.9586
12/16/2019,1598.6192
12/17/2019,1614.663
12/18/2019,1579.598
12/19/2019,1580.153
12/20/2019,1571.314
12/21/2019,1538.751
12/22/2019,1521.566
12/23/2019,1478.413
12/24/2019,1425.216
12/25/2019,1308.312
12/26/2019,1321.984
12/27/2019,1305.231
12/28/2019,1310.2892
12/29/2019,1313.8506
12/30/2019,1296.3946
12/31/2019,1313.7034
1/1/2020,1299.7663
1/2/2020,1296.386
1/3/2020,1290.0277
1/4/2020,1282.1145
1/5/2020,1281.8953
1/6/2020,1284.4604
1/7/2020,1288.9001
1/8/2020,1297.0274
1/9/2020,1268.9225
1/10/2020,1279.236
1/11/2020,1285.289
1/12/2020,1294.467
1/13/2020,1281.495
1/14/2020,1243.846
1/15/2020,1275.935
1/16/2020,1263.696
1/17/2020,1272.415
1/18/2020,1291.501
1/19/2020,1291.365
1/20/2020,1281.658
1/21/2020,1282.914
1/22/2020,1281.534
1/23/2020,1284.24
1/24/2020,1289.906
1/25/2020,1293.891
1/26/2020,1365.433
1/27/2020,1558.325
1/28/2020,1522.856
1/29/2020,1480.802
1/30/2020,1459.795
1/31/2020,1430.958
2/1/2020,1670.35
2/2/2020,1615.625
2/3/2020,1578.604
2/4/2020,1538.126
2/5/2020,1509.85
2/6/2020,1488.091
2/7/2020,1458.6171
2/8/2020,1441.797
2/9/2020,1423.6773
2/10/2020,1415.858
