Date,Caramelo-2,Caramelo-3,Toposi-1,Toposi-2H,La Estancia-1H
2/25/2015,1340.39094,,,,
2/26/2015,2644.82,,1337.4413,,
2/27/2015,2695,,2415,,
2/28/2015,2690,,2475,,
3/1/2015,2542.42,,2475.902,,
3/2/2015,2372.478,,2186.992,,
3/3/2015,1645.5,,1180.461,,
3/4/2015,1281.618,,820.4789,,
3/5/2015,2705.005,,2258.583,,
3/6/2015,3063.372,,2365.689,,
3/7/2015,3168.353,,2363.015,,
3/8/2015,3235.121,,2361.969,,
3/9/2015,3236.4679,,2330.36333,,
3/10/2015,3238.01,,2326.89241,,
3/11/2015,3234.4975,,2347.8591,,
3/12/2015,3230.2473,,2360.96231,,
3/13/2015,3225.1958,,2338.78835,,
3/14/2015,3222.4492,,2324.04601,,
3/15/2015,3218.0178,,2308.00812,,
3/16/2015,3214.635,,2100.76374,,
3/17/2015,2689.949,,1857.05154,,
3/18/2015,2696.1865,,1853.22281,,
3/19/2015,3030.38,,2037.52,,
3/20/2015,2981.09,,1991.41,,
3/21/2015,2926.79,,1974.21,,
3/22/2015,2844.029,,1889.69,,
3/23/2015,2981.83,,2005.77,,
3/24/2015,2942.78,,1949.666,,
3/25/2015,2879.36,,1905.65,,
3/26/2015,2680.89,,1773.6,,
3/27/2015,2119.36,,1307.58,,
3/28/2015,3277.017,,2108.97,,
3/29/2015,3115.6,,2050.65,,
3/30/2015,3075.012,,2054.34228,,
3/31/2015,3036.946,,2005.32093,,
4/1/2015,2386.65,,1493.35,,
4/2/2015,3062.1987,,1998.23311,,
4/3/2015,2917.0535,,1868.58256,,
4/4/2015,2840.7928,,1826.875,,
4/5/2015,2827.444,,1826.356,,
4/6/2015,2855.7101,,1651.8145,,
4/7/2015,2988.068,,1597.47,,
4/8/2015,3023.7873,,2065.18397,,
4/9/2015,3011.2541,,2044.29533,,
4/10/2015,2968.3268,,2009.53989,,
4/11/2015,3226.54318,,2068.99234,,
4/12/2015,3266.414,,1992.91277,,
4/13/2015,3223.078,,1961.699,,
4/14/2015,3284.801,,1993.223,,
4/15/2015,3371.789,,2038.817,,
4/16/2015,3400.97,,2027.80988,509.802,
4/17/2015,3435.877,,2029.741,0,
4/18/2015,3015.23239,,1875.909,660.113,
4/19/2015,2556.899,,1654.414,1466,
4/20/2015,2462.453,,1579.175,1952,
4/21/2015,2442.06,,1579.18,2587,
4/22/2015,2407.373,,1501.163,1351.5,
4/23/2015,2436.082,,1568.12,0,
4/24/2015,2569.744,,1527.928,0,
4/25/2015,2527.4579,,1511.12564,0,
4/26/2015,2417.09908,,1473.62852,0,
4/27/2015,2397.41463,,1468.10149,0,
4/28/2015,2425.7681,,1481.35398,0,
4/29/2015,2383.74979,,1483.907,0,
4/30/2015,2402.907,,1501.94946,0,
5/1/2015,2454.38763,,1457.3272,0,
5/2/2015,2398.888,,1508.663,0,
5/3/2015,2432.119,,1546.124,0,
5/4/2015,2222.232,,1597.365,0,
5/5/2015,2540.4366,,1597.21489,0,
5/6/2015,2447.9174,,1538.79768,0,
5/7/2015,2460.4635,,1560.82413,0,
5/8/2015,2578.053,,1546.84632,0,
5/9/2015,2869.9265,,1537.3896,0,
5/10/2015,2803.924,,1506.84639,0,
5/11/2015,2704.846,,1489.299,0,
5/12/2015,2711.719,,1494.05,0,
5/13/2015,2678.068,,1467.917,0,
5/14/2015,2662.5102,,1474.768,0,
5/15/2015,2676.067,,1481.263175,0,
5/16/2015,2621.271,,1472.753,0,
5/17/2015,2422.881,,1499.242,0,
5/18/2015,2314.312,,1458.893,0,
5/19/2015,1747.324,,1429.618,0,
5/20/2015,1771.091,,1478.311,0,
5/21/2015,1763.017,,1454.734,0,
5/22/2015,1759.035,,1445.663,0,
5/23/2015,1737.701,,1429.222,0,
5/24/2015,1717.162,,1423.674,0,
5/25/2015,1722.281,,1448.886,0,
5/26/2015,1726.769,,1474.170685,0,
5/27/2015,1719.705,,1485.56,0,
5/28/2015,1714.382,,1469.571735,861.507771,
5/29/2015,1710.172,,1206.48,1339.566,
5/30/2015,1672.51,,812.7366,1375.989,
5/31/2015,1602.125,,801.7457,1330.275,
6/1/2015,1594.065,,827.1409,1332.444,
6/2/2015,1637.779,,862.6363,1368.041,
6/3/2015,1562.936,,846.1317,1320.028,
6/4/2015,1373.225,,840.9462,1287.303,
6/5/2015,1329.397,,863.7084,1319.889,
6/6/2015,1392.153,,905.6593,1376.87,
6/7/2015,1381.107,,917.0157,1370.633,
6/8/2015,1378.947,,898.0125,1371.343,
6/9/2015,1384.743,,886.9899,1377.852,
6/10/2015,1304.22,,914.0878,1364.007,
6/11/2015,1430.426,,914.0476,1366.521,
6/12/2015,944.3942,,956.7763,1361.799,
6/13/2015,389.0345,,1027.167,1181.728,197
6/14/2015,1192.4354,,1026.865,940.6687,87
6/15/2015,1198.151,,1021.307,737.0043,316
6/16/2015,1213.053,,1026.324,947.5739,147
6/17/2015,1206.742,,1017.146,940.0439,530
6/18/2015,1215.6685,,1019.7765,941.3702,239
6/19/2015,1067.625,,975.582,927.0133,791
6/20/2015,945.2945,,908.3445,936.8588,360
6/21/2015,937.5222,,841.89,924.8465,
6/22/2015,913.3344,,915.0956,896.8721,
6/23/2015,903.6241,,923.5136,879.8015,
6/24/2015,796.9443,,816.5532,777.1165,
6/25/2015,959.6497,,979.6427,941.1447,
6/26/2015,956.9504,,977.6195,940.2911,
6/27/2015,940.32,,958.8803,928.2418,
6/28/2015,919.3503,,937.5172,902.9799,
6/29/2015,888.8817,,894.4279,861.6835,
6/30/2015,957.5914,,973.4133,939.624,
7/1/2015,947.3743,,964.4438,935.8987,
7/2/2015,946.9557,,962.6326,936.568,
7/3/2015,924.04,,937.551,907.04311,
7/4/2015,924.6191,,936.7437,905.3694,
7/5/2015,921.8045,,933.1387,900.9258,
7/6/2015,945.0546,,957.6889,931.2425,
7/7/2015,944.42709,,956.1871,928.9105,
7/8/2015,932.6623,,949.124,920.9554,
7/9/2015,939.3715,,951.5209,924.341,
7/10/2015,944.5464,,954.8071,927.3123,
7/11/2015,952.9543,,963.2037,935.2472,
7/12/2015,929.7311,,937.2712,907.2661,
7/13/2015,911.3793,,915.5832,881.2594,
7/14/2015,901.4559,,927.9303,890.6232,
7/15/2015,935.9885,,944.0982,921.94481,
7/16/2015,931.2806,,937.2573,917.3167,
7/17/2015,948.6622,,956.6492,934.6066,
7/18/2015,963.59117,,971.001,931.23826,
7/19/2015,919.9196,,925.5737,901.1776,
7/20/2015,878.0419,,878.855,852.9825,
7/21/2015,949.9921,,956.8074,920.5178,
7/22/2015,947.3613,,952.8502,932.6666,
7/23/2015,937.8914,,942.288,918.752,
7/24/2015,917.3179,,919.3524,896.3482,
7/25/2015,955.1749,,959.8032,931.4366,
7/26/2015,961.6783,,965.8181,933.183,
7/27/2015,956.3522,,958.454,929.5372,
7/28/2015,945.1789,,944.7208,920.4632,
7/29/2015,944.13132,,941.7621,916.1174,
7/30/2015,941.5723,,938.0463,910.7909,
7/31/2015,948.129,,944.4151,917.0779,
8/1/2015,914.674,,907.6229,869.425,
8/2/2015,910.1907,,901.2681,859.3688,
8/3/2015,956.8398,,953.3423,917.2291,
8/4/2015,944.952,,940.0235,902.035,
8/5/2015,960.676,,956.6489,917.0386,
8/6/2015,957.813,,951.3949,914.7188,
8/7/2015,956.2801,,946.3619,912.5507,
8/8/2015,621.5778,,637.2336,587.3571,
8/9/2015,954.4626,,960.0268,904.0419,
8/10/2015,957.0186,,958.2161,909.0224,
8/11/2015,948.4684,,923.2905,898.6035,
8/12/2015,930.2942,,929.8297,873.0294,
8/13/2015,912.5832,,908.7883,846.4971,
8/14/2015,941.9448,,939.2223,888.087,
8/15/2015,945.2346,,941.1533,858.344,
8/16/2015,942.3287,,657.8901,872.7194,
8/17/2015,950.6289,,717.9146,885.5807,
8/18/2015,929.1479,,701.4238,862.004,
8/19/2015,933.2228,,703.4919,872.4194,
8/20/2015,949.4333,,724.1464,816.4622,
8/21/2015,954.2469,,730.5884,795.8994,
8/22/2015,957.5311,,823.7739,644.4361,
8/23/2015,944.3694,,963.7142,846.4716,
8/24/2015,854.3694,,848.2299,703.6187,
8/25/2015,937.4959,,944.5343,800.9945,
8/26/2015,917.2609,,920.3365,668.5894,
8/27/2015,917.8317,,918.7942,1344.913,
8/28/2015,964.4993,,944.9699,1692.742,
8/29/2015,979.8779,,952.5567,934.7299,
8/30/2015,955.7249,,924.988,907.6354,
8/31/2015,978.2577,,945.0177,931.8237,
9/1/2015,979.3429,,939.7586,932.1494,
9/2/2015,979.6527,,936.848,930.9521,
9/3/2015,982.2739,,937.4224,932.9579,
9/4/2015,974.2814,,926.13,922.372,
9/5/2015,983.9487,,936.3088,934.3737,
9/6/2015,984.5724,,936.4118,934.6341,
9/7/2015,985.1855,,935.4378,934.586,
9/8/2015,986.555,,936.5865,936.5846,
9/9/2015,988.2717,,936.5461,937.4066,
9/10/2015,982.50565,,928.5621,928.5286,
9/11/2015,968.7894,,911.3424,911.4478,
9/12/2015,974.5356,,905.2643,918.176,
9/13/2015,967.6579,,893.7678,909.1319,
9/14/2015,944.9588,,880.7862,882.8259,604.874
9/15/2015,971.8831,,903.8298,924.9769,984.725
9/16/2015,982.1774,,902.6599,923.821,961.64
9/17/2015,983.9786,,902.6854,926.8901,986.584
9/18/2015,979.5419,,908.4384,939.5599,991.74
9/19/2015,944.2121,,904.816,932.4838,985.654
9/20/2015,971.4528,,901.0873,932.9564,984.254
9/21/2015,973.0172,,893.3047,931.6541,921.45
9/22/2015,964.0666,,874.6056,902.2956,942.3647
9/23/2015,976.7868,,891.9301,923.1622,972.541
9/24/2015,974.4443,,1556.106,919.1664,987.654
9/25/2015,976.5344,,1350.584,928.4232,965.64
9/26/2015,971.6314,,981.562,928.96606,966.325
9/27/2015,978.0292,,985.9512,920.65,986.65
9/28/2015,978.1141,,985.4195,920.487,978.64
9/29/2015,976.9368,,984.2936,921.1957,952.1254
9/30/2015,976.5509,,984.3574,917.4093,948.3654
10/1/2015,977.8373,,985.7895,920.5536,957.34
10/2/2015,972.5211,,979.6481,913.4854,948.4
10/3/2015,970.1257,,978.8113,917.3947,955
10/4/2015,982.1554,,925.161663,922.103,948
10/5/2015,977.3391,,901.5058,921.6545,957
10/6/2015,977.937,,898.9741,917.5756,951
10/7/2015,979.1443,,896.3148,917.4144,933
10/8/2015,975.6917,,876.7233,910.9051,939
10/9/2015,975.4424,,879.1348,915.6752,945
10/10/2015,974.6547,,873.7795,910.5778,957
10/11/2015,971.391,,876.8956,912.8182,944
10/12/2015,971.1342,,867.5217,903.5001,956
10/13/2015,979.1456,,877.449,913.5135,950
10/14/2015,979.9352,,880.5919,914.1983,945
10/15/2015,976.4887,,1072.285,908.1521,950
10/16/2015,978.0857,,1259.116,910.0313,937
10/17/2015,977.1611,,1255.257,909.1396,948
10/18/2015,965.9993,,1231.822,895.1118,964
10/19/2015,971.3571,,1240.66,901.8385,944
10/20/2015,968.6024,,1229.497,895.0145,939
10/21/2015,968.4613,,1228.6,900.6525,961
10/22/2015,971.3746,,1233.178,923.9402,957
10/23/2015,975.7211,,1242.029,928.5002,971
10/24/2015,978.4349,,1245.257,931.7382,970
10/25/2015,970.5208,,1228.333,921.2728,963
10/26/2015,974.2131,,1234.625,925.2339,958
10/27/2015,976.3254,,1238.533,926.6195,963
10/28/2015,974.3287,,1234.329,923.6986,972
10/29/2015,971.6687,,1227.307,919.8227,970
10/30/2015,971.915,,1229.569,920.7473,964
10/31/2015,970.13,,1225.424,920.6271,960
11/1/2015,973.89,,1225.221,921.2146,958
11/2/2015,971.8964,,1217.745,917.71,965
11/3/2015,971.611,,1217.423,916.8436,963
11/4/2015,977.9475,,1232.989,925.9813,970
11/5/2015,967.3344,,1205.332,910.4934,952
11/6/2015,978.3591,,1210.076,924.5605,954
11/7/2015,929.2766,,1150.703,883.5665,964
11/8/2015,969.0588,,1191.506,918.2663,966
11/9/2015,968.5169,,1191.102,919.7654,962
11/10/2015,967.0688,,1184.16,918.2198,960
11/11/2015,965.5209,,1160.051,903.6828,945
11/12/2015,975.3928,,1179.877,918.4299,949
11/13/2015,973.269,,1174.453,917.8069,973
11/14/2015,964.7026,,1174.465,919.6353,965
11/15/2015,956.9875,,1031.206,918.6492,984
11/16/2015,954.1239,,1233.647,917.7491,972
11/17/2015,954.5008,,1201.839,907.6758,962
11/18/2015,967.6166,,1174.048,901.6129,948
11/19/2015,969.0978,,1168.747,903.8509,942
11/20/2015,944.1108,,1123.237,871.7504,932
11/21/2015,944.6879,,1121.529,872.9858,917
11/22/2015,957.8927,,1134.279,886.9917,931
11/23/2015,955.773,,1122.765,881.9924,932
11/24/2015,955.2079,,1117.204,880.3562,941
11/25/2015,952.7086,,1103.019,1716.686,942.2104
11/26/2015,954.18288,,1103.144,932.2283,941.4132
11/27/2015,959.0377,,1102.788,936.8644,939.9268
11/28/2015,950.898,,1082.939,927.5467,932.0747
11/29/2015,946.5791,,1079.15,922.3908,930.3094
11/30/2015,935.304,,1057.168,910.3994,922.5969
12/1/2015,926.8004,,1438.9,900.2847,913.7915
12/2/2015,1139.093,,1185.535,907.0103,919.3609
12/3/2015,1338.765,,1218.581,911.5663,920.788
12/4/2015,1331.892387,,1222.727903,913.4497035,923.3441
12/5/2015,1361.698,,1263.485,941.8919,940.5536
12/6/2015,1364.007,,1266.037,945.0582,939.9222
12/7/2015,1359.36,,1261.281,1173.637,1129.872
12/8/2015,1360.265,,1263.704,1364.97,1272.398
12/9/2015,1342.589,,1241.948,1344.324,1264.584
12/10/2015,1326.567,,1223.57,1325.661,1239.309
12/11/2015,1352.758,,1257.754,1352.916,1214.885
12/12/2015,1352.7,,1258.039,1351.951,1217.878
12/13/2015,1353.311,,1260.072,1352.346,1296.728
12/14/2015,1342.099,,1245.098,1341.059,1322.499
12/15/2015,1347.577,,1253.535,1345.508,1344.642
12/16/2015,1361.146,,1277.557,1358.479,1326.885
12/17/2015,1767.107,,1341.82,1769.8,1305.38
12/18/2015,1917.12,,1275.912,1915.837,1267.829
12/19/2015,1907.718,,1273.073,1895.7036,1273.847
12/20/2015,1899.698,,1270.158,1872.624,1240.8288
12/21/2015,1891.318,,1270,1871.195,1216.849
12/22/2015,1881.512,,1269.84,1853.528,1266.278199
12/23/2015,1869.255,,1267.28,1843.298,1233.233
12/24/2015,1857.16,,1261.902,1827.608,1245.133
12/25/2015,1844.823,,1262.961,1809.911,1242.6
12/26/2015,1835.253,,1263.285,1796.01,1225.123
12/27/2015,1828.736,,1260.955,1781.721,1221.432
12/28/2015,1818.476,,1229.518,1739.766,1205.404
12/29/2015,1787.356,,1191.962,1679.304,1185.847
12/30/2015,1788.643,,1202.548,1670.838,1197.965
12/31/2015,1776.878,,1196.148,1660.534,1192.532
1/1/2016,1743.088,,1175.245,1607.492,1173.764
1/2/2016,1718.55,,1166.4,1579.765,1158.694
1/3/2016,1768.42,,1214.748,1652.401,1217.884
1/4/2016,1769.375,,1217.435,1662.605,1229.379
1/5/2016,1759.491,,1217.519,1654.442,1231.11
1/6/2016,1778.419,,1237.324,1690.354,1234.22
1/7/2016,1761.20117,,1225.33337,1675.39616,1231.73473
1/8/2016,1745.72543,,1217.39425,1662.78666,1228.34732
1/9/2016,1686.38757,,1169.09603,1598.38712,1188.17934
1/10/2016,1656.2416,,1154.631,1572.72543,1177.41532
1/11/2016,1684.02575,,1186.46728,1608.85148,1202.46823
1/12/2016,1715.227,,1211.665,1674.469,1228.575
1/13/2016,1707.731,,1207.863,1681.598,1204.862
1/14/2016,1703.463,,1207.777,1684.56,1148.896
1/15/2016,1694.067,,1202.025,1682.879,1140.339
1/16/2016,1683.807,,1200.128,1681.981,1134.406
1/17/2016,1673.925,,1195.733,1681.059,1133.012
1/18/2016,1664.625,,1191.573,1681.009,1135.308
1/19/2016,1656.36,,1185.149,1680.398,1127.735
1/20/2016,1652.045,,1182.343,1679.26,1118.979
1/21/2016,1640.244,,1177.985,1678.927,1112.655
1/22/2016,1631.61944,,1170.679,1678.891,1102.34082
1/23/2016,1624.40732,,1164.883,1678.695,1115.8125
1/24/2016,1615.841,,1157.791,1676.39,1112.08083
1/25/2016,1607.273,,1152.659,1673.348,1099.14638
1/26/2016,1601.695,,1152.666,1674.077,1109.25988
1/27/2016,1594.817,,1148.41,1673.192,1110.80029
1/28/2016,1587.206,,1144.533,1673.065,1103.06984
1/29/2016,1579.432,,1138.197,1671.883,1109.00548
1/30/2016,1573.066,,1134.021,1671.203,1132.256
1/31/2016,1657.776,,1131.685,1670.841,1137.755
2/1/2016,1813.97,,1124.636,1669.257,1149.632
2/2/2016,1679.206,,1120.095,1667.868,1151.957
2/3/2016,1667.144,,1117.831,1667.178,1138.202
2/4/2016,1652.797,,1108.579,1664.67,1141.418
2/5/2016,1642.266,,1102.957,1663.601,1158.253
2/6/2016,1630.984,,1098.986,1662.597,1166.674
2/7/2016,1613.321,,1086.535,1657.218,1173.697
2/8/2016,1599.896,,1081.215,1651.727,1177.757
2/9/2016,1597.124,,1091.151,1660.742,1168.57
2/10/2016,1590.332,,1090.68,1658.962,1161.08
2/11/2016,1578.162,,1076.98,1653.805,1156.709
2/12/2016,1561.702,,1058.735,1644.767,1139.79
2/13/2016,1536.002,,1037.781,1628.767,1109.242
2/14/2016,1554.257,,1064.938,1649.473,1236.308
2/15/2016,1489.388,,1023.135,1607.617,1250.134
2/16/2016,1548.137,,1073.22,1653.141,1282.215
2/17/2016,1543.01,,1073.843,1650.849,1285.884
2/18/2016,1532.593,,1064.212,1643.947,1298.555
2/19/2016,1539.103,,1220.124,1649.495,1305.163
2/20/2016,1528.306,,1239.846,1642.233,1302.144
2/21/2016,1516.973,,1233.948,1634.59,1298.251
2/22/2016,1519.317,,1234.367,1636.98,1306.024
2/23/2016,1537.001,,1242.073,1646.615,1322.976
2/24/2016,1541.48982,,1241.014,1648.49,1331.842
2/25/2016,1542.009,,1240.595,1649.226,1326.831
2/26/2016,1544.811,,1240.119,1649.861,1314.427
2/27/2016,1544.566,,1237.08,1648.883,1319.512
2/28/2016,1537.749,,1230.73,1646.942,1324.465
2/29/2016,1528.444,,1223.742,1640.846,1331.104
3/1/2016,1645.544,,1207.897,1622.425,1316.97132
3/2/2016,1659.617,,1201.325,1611.93,1306.625
3/3/2016,1647.837,,1201.895,1609.868,1298.063
3/4/2016,1638.217,,1203.27,1611.115,1276.146
3/5/2016,1640.179,,1216.84,1628.573,1286.476
3/6/2016,1623.646,,1209.608,1624.206,1294.411
3/7/2016,1602.493,,1199.285,1610.033,1279.494
3/8/2016,1589.611,,1197.638,1606.434,1290.527
3/9/2016,1580.072,,1198.587,1608.579,1295.297
3/10/2016,1565.751,,1194.799,1604.924,1298.155
3/11/2016,1548.826,,1189.559,1599.042,1297.008
3/12/2016,1535.683,,1189.502,1599.56,1287.747
3/13/2016,1512.828,,1182.974,1592.919,1279.62
3/14/2016,1460.39,,1250.496,1564.785,1209.379
3/15/2016,1541.146,,1221.04,1624.401,1210.682
3/16/2016,1540.06,,1222.291,1629.162,1269.98
3/17/2016,1529.737,,1217.182,1623.13,1274.719
3/18/2016,1526.189,,1217.037,1623.325,1285.781
3/19/2016,554.2993,,426.2054,735.241,400.9449
3/20/2016,1854.765,,1235.603,1812.469,1287.704
3/21/2016,1818.257,,1222.309,1803.907,1279.312
3/22/2016,1792.991,,1218.737,1787.518,1273.758
3/23/2016,1780.269,,1216.788,1775.474,1265.741
3/24/2016,1748.924,,1201.807,1723.442,1225.428
3/25/2016,1753.18,,1206.76,1744.87,1228.241
3/26/2016,1680.907,,1140.513,1670.407,1202.689
3/27/2016,1682.715,,1153.907,1662.059,1230.472
3/28/2016,1702.268,,1151.508,1662.888,1233.536
3/29/2016,1724.934,,1192.084,1686.505,1278.879
3/30/2016,1729.965,,1196.304,1680.838,1248.739
3/31/2016,1721.552,,1187.655,1661.844,1283.066
4/1/2016,1675.214,,1171.214,1638.835,1054.78
4/2/2016,1664.591,,1137.269,1584.55,1173.674
4/3/2016,1624.592,,1110.244,1533.628,1245.022
4/4/2016,1542.659,,1060.336,1434.124,1176.734
4/5/2016,1539.994,,1048.763,1403.095,1157.216
4/6/2016,785.9234,,485.4365,702.4358,559.1923
4/7/2016,0,,,,0
4/8/2016,830.5815,,743.7392,1111.158,384.55
4/9/2016,1641.942,,990.2118,1506.854,1231
4/10/2016,1728.098,,1078.068,1680.832,1202.7928
4/11/2016,1673.507,,1049.504,1645.049,1219.895
4/12/2016,1692.426,,762.3435,1672.863,1257.62
4/13/2016,908.1697,,505.9575,772.5806,884.8947
4/14/2016,1494.65,,963.2564,1471.129,1088.253
4/15/2016,1645.69,,1059.01,1646.59,938.7404
4/16/2016,1687.072,,1032.079,1611.123,1208.276
4/17/2016,1676.968,,1029.771,1613.77,1207.769
4/18/2016,1660.964,,1022.847,1588.624,1202.419
4/19/2016,1626.578,,999.7976,1532.763,1179.029
4/20/2016,1579.656,,970.4658,1465.625,1151.377
4/21/2016,1526.62,,647.3421,968.1036,742.5874
4/22/2016,2.016549,,0,0,0
4/23/2016,0,,0,0,0
4/24/2016,0,,0,0,0
4/25/2016,0,,0,0,0
4/26/2016,0,,0,0,0
4/27/2016,0,,0,0,0
4/28/2016,0,,0,0,0
4/29/2016,0,,0,0,0
4/30/2016,0,,0,0,0
5/1/2016,0,,0,0,0
5/2/2016,0,,0,0,0
5/3/2016,0,,0,0,0
5/4/2016,0,,0,0,0
5/5/2016,0,,0,0,0
5/6/2016,0,,0,0,0
5/7/2016,0,,0,0,0
5/8/2016,0,,0,0,0
5/9/2016,0,,0,0,0
5/10/2016,0,,0,0,0
5/11/2016,0,,0,0,0
5/12/2016,0,,0,0,0
5/13/2016,0,,0,0,0
5/14/2016,0,,0,0,0
5/15/2016,0,,0,0,0
5/16/2016,0,,0,0,0
5/17/2016,0,,0,0,0
5/18/2016,0,,0,0,0
5/19/2016,0,,0,0,0
5/20/2016,0,,0,0,0
5/21/2016,0,,0,0,0
5/22/2016,0,,0,0,0
5/23/2016,0,,0,0,0
5/24/2016,0,,0,0,0
5/25/2016,0,,0,0,0
5/26/2016,0,,0,0,0
5/27/2016,0,,0,0,0
5/28/2016,0,,0,0,0
5/29/2016,0,,0,0,0
5/30/2016,0,,0,0,0
5/31/2016,0,,0,0,0
6/1/2016,0,,0,0,0
6/2/2016,0,,0,0,0
6/3/2016,0,,0,0,0
6/4/2016,0,,0,0,0
6/5/2016,0,,0,0,0
6/6/2016,0,,0,0,0
6/7/2016,0,,0,0,0
6/8/2016,0,,0,0,0
6/9/2016,0,,0,0,0
6/10/2016,0,,0,0,0
6/11/2016,0,,0,0,0
6/12/2016,0,,0,0,0
6/13/2016,0,,0,0,0
6/14/2016,0,,0,0,0
6/15/2016,0,,0,0,0
6/16/2016,0,,0,0,0
6/17/2016,0,,0,0,0
6/18/2016,0,,0,0,0
6/19/2016,0,,0,0,0
6/20/2016,0,,0,0,0
6/21/2016,0,,0,0,0
6/22/2016,0,,0,0,0
6/23/2016,0,,0,0,0
6/24/2016,0,,0,0,0
6/25/2016,0,,0,0,0
6/26/2016,0,,0,0,0
6/27/2016,0,,0,0,0
6/28/2016,0,,0,0,0
6/29/2016,0,,0,0,0
6/30/2016,0,,0,0,0
7/1/2016,0,,0,0,0
7/2/2016,0,,0,0,0
7/3/2016,0,,0,0,0
7/4/2016,0,,0,0,0
7/5/2016,0,,0,0,0
7/6/2016,0,,0,0,0
7/7/2016,0,,0,0,0
7/8/2016,0,,0,0,0
7/9/2016,0,,0,0,0
7/10/2016,0,,0,0,0
7/11/2016,0,,0,0,0
7/12/2016,0,,0,0,0
7/13/2016,0,,0,0,0
7/14/2016,0,,0,0,0
7/15/2016,0,,0,0,0
7/16/2016,0,,0,0,0
7/17/2016,0,,0,0,0
7/18/2016,0,,0,0,0
7/19/2016,0,,0,0,0
7/20/2016,0,,0,0,0
7/21/2016,0,,0,0,0
7/22/2016,0,,0,0,0
7/23/2016,0,,0,0,0
7/24/2016,0,,0,0,0
7/25/2016,0,,0,0,0
7/26/2016,0,,0,0,0
7/27/2016,0,,0,0,0
7/28/2016,0,,0,0,0
7/29/2016,0,,0,0,0
7/30/2016,0,,0,0,0
7/31/2016,0,,0,0,0
8/1/2016,0,,0,0,0
8/2/2016,0,,0,0,0
8/3/2016,0,,0,0,0
8/4/2016,0,,0,0,0
8/5/2016,0,,0,0,0
8/6/2016,0,,0,0,0
8/7/2016,0,,0,0,0
8/8/2016,0,,0,0,0
8/9/2016,0,,0,0,0
8/10/2016,0,,0,0,0
8/11/2016,0,,0,0,0
8/12/2016,0,,0,0,0
8/13/2016,0,,0,0,0
8/14/2016,0,,0,0,0
8/15/2016,0,,0,0,0
8/16/2016,0,,0,0,0
8/17/2016,0,,0,0,0
8/18/2016,0,,0,0,0
8/19/2016,0,,0,0,0
8/20/2016,0,,0,0,0
8/21/2016,0,,0,0,0
8/22/2016,0,,0,0,0
8/23/2016,0,,0,0,0
8/24/2016,0,,0,0,0
8/25/2016,0,,0,0,0
8/26/2016,0,,0,0,0
8/27/2016,0,,0,0,0
8/28/2016,0,,0,0,0
8/29/2016,0,,0,0,0
8/30/2016,0,,0,0,0
8/31/2016,0,,0,0,0
9/1/2016,0,,0,405.1946081,0
9/2/2016,1106.443,,390.9305,1408.9,0
9/3/2016,1785.675,,1229.648,1491.173,458.7273
9/4/2016,1754.389,,1376.741,1528.891,1035.95
9/5/2016,1728.791,,1357.508,1484.456,925.4694
9/6/2016,1720.2259,,1351.078,1463.295,921.912
9/7/2016,1703.496,,1334.851,1429.781,916.1445
9/8/2016,1707.0357,,1345.075,1481.149,915.4223
9/9/2016,1707.498,,1346.922,1464.041,899.9715
9/10/2016,1763.13,,1403.885,1526.14,922.25
9/11/2016,1759.49,,1395.204,1495.823,921.2696
9/12/2016,1762.4281,,1398.429,1481.466,923.7048
9/13/2016,1761.069,,1391.928,1458.506,921.4118
9/14/2016,1753.84,,1385.262,1437.632,920.3437
9/15/2016,1760.967,,1392.279,1439.628,925.7066
9/16/2016,1716.741,,1342.796,1371.431,904.5465
9/17/2016,1706.04,,1326.8,1351.426,901.0638
9/18/2016,1730.427,,1328.886,1377.833,913.905
9/19/2016,1723.836,,1311.114,1363.005,913.8301
9/20/2016,1724.458,,1287.218,1357.693,914.3975
9/21/2016,1720.965,,1273.487,1349.148,913.9195
9/22/2016,1716.121,,1269.694,1342.802,911.848
9/23/2016,1714.444,,1257.044,1340.27,587.9954
9/24/2016,1704.335,,1238.779,1330.911,0
9/25/2016,1704.424,,1227.822,1336.714,0
9/26/2016,1693.936,410.3969,1207.145,1329.909,0
9/27/2016,1682.71,635.8391,1189.642,1325.499,0
9/28/2016,1696.3,651.342,1191.219,1372.134,0
9/29/2016,1689.339,668.37,1175.807,1471.31,0
9/30/2016,1665.89,685.458,1101.57,1475.319,0
10/1/2016,1615.446,710.431,1230.564,1411.22,0
10/2/2016,1609.387,713.094,1213.007,1402.239,0
10/3/2016,1606.954,767.955,1198.116,1386.897,0
10/4/2016,1598.834,776.349,1179.123,1374.706,0
10/5/2016,1587.902,775.897,1167.799,1364.304,0
10/6/2016,1583.45,789.26,1156.549,1359.055,0
10/7/2016,1573.669,794.704,1144.99,1348.595,0
10/8/2016,1575.533,804.021,1140.805,1356.464,0
10/9/2016,1573.416,810.6005,1133.966,1354.245,0
10/10/2016,1567.575,822.685,1130.79288,1349.77556,0
10/11/2016,1574.134,837.7376,1140.784,1470.879,0
10/12/2016,1553.489,844.5652,1125.909,1473.548,0
10/13/2016,1609.061,873.0355,1177.009,1530.838,0
10/14/2016,1572.694,885.4321,1144.433,1485.017,0
10/15/2016,1574.814,919.8312,1148.213,1485.127,0
10/16/2016,1574.515,922.0817,1138.633,1466.84,0
10/17/2016,1576.05042,946.7563,1127.288,1448.991,0
10/18/2016,1576.004,956.9197,1125.828,1434.993,0
10/19/2016,1576.0482,971.5822,1120.917,1423.237,0
10/20/2016,1560.386,975.6288,1102.831,1387.535,0
10/21/2016,1552.429,983.7693,1088.626,1368.18,0
10/22/2016,1548.425,987.0747,1081.173,1360.517,0
10/23/2016,1544.907,996.3016,1077.669,1356.31,0
10/24/2016,1540.4,1003.798,1074.358,1348.997,0
10/25/2016,1539.799,1011.081,1076.775,1346.777,0
10/26/2016,1531.761,1016.788,1064.025,1337.807,0
10/27/2016,1526.46,1022.232,1053.657,1330.409,0
10/28/2016,1443.012,764.4615,817.8257,1003.579,0
10/29/2016,1603.699,831.962,1137.846,1502.248,0
10/30/2016,1557.063,937.614,1098.794,1501.267,0
10/31/2016,1546.144,957.113,1077.874,1485.292,0
11/1/2016,1540.786,927.698,1063.554,1471.596,0
11/2/2016,1551.537,970.778,1059.979,1470.53,0
11/3/2016,1534.867,999.215,1036.303,1440.03,0
11/4/2016,1531.661,1012.183,1027.793,1421.275,0
11/5/2016,1537.174,1024.88,1025.616,1418.027,0
11/6/2016,1527.293,1030.766,1011.24,1394.025,0
11/7/2016,1481.071,1029.82,958.046,1326.897,0
11/8/2016,1484.518,1047.026,1091.041,1341.07,0
11/9/2016,1501.37,1068.307,1179.047,1355.683,0
11/10/2016,1497.76,1072.149,1167.007,1345.147,0
11/11/2016,1507.149,993.6483,1167.091,1357.242,0
11/12/2016,1505.935,1067.03,1147.795,1339.296,0
11/13/2016,1505.935,1083.611,1138.201,1333.907,0
11/14/2016,1505.93,1082.628,1106.453,1317.083,0
11/15/2016,1479.326,1091.824,1100.806,1326.497,0
11/16/2016,1492.542,1104.956,1120.212,1353.506,0
11/17/2016,1483.008,1110.569,1103.809,1331.379,502.1989
11/18/2016,1470.014,1087.591,1091.361,1365.048,920.2332
11/19/2016,1466.718,1109.725,1086.675,1507.208,590.3005
11/20/2016,1447.341,1093.059,1064.743,1476.911,0
11/21/2016,1387.936,1087.307,1015.668,1403.585,0
11/22/2016,1419.479,1104.554,1039.958,1418.247,0
11/23/2016,1445.637,1160.041,1059.293,1438.47,0
11/24/2016,1433.66,1175.121,1036.525,1408.261,0
11/25/2016,1423.186,1175.407,1019.28,1381.516,0
11/26/2016,1414.809,1174.243,1011.135,1363.016,0
11/27/2016,1419.738,1174.722,1012.245,1357.157,0
11/28/2016,1432.882,1173.649,1016.74,1360.625,0
11/29/2016,518.872,1170.885,1015.38,1359.387,0
11/30/2016,665.236,1155.492,996.435,1335.39,0
12/1/2016,1598.195,1164.116,918.721,1261.605,0
12/2/2016,703.248,1164.033,940.682,1314.238,0
12/3/2016,1449.781,1156.431,939.65,1311.859,0
12/4/2016,2099.33,1136.682,929.586,1301.201,0
12/5/2016,2111.036,1110.923,912.774,1284.699,0
12/6/2016,2167.3,1106.269,932.7701,1305.572,0
12/7/2016,2218.261,1103.949,931.984,1307.502,0
12/8/2016,1205.777,478.4706,534.0804,638.0092,0
12/9/2016,1910.4381,968.5656,1037.63397,1261.87328,0
12/10/2016,1918.7954,1045.4967,993.0937,1246,0
12/11/2016,2115.168,1142.715,987.3758,1257.178,441.9801
12/12/2016,2065.792,1154.914,937.035,1213.368,891.1867
12/13/2016,2062.016,1179.39,938.7883,1217.023,893.9382
12/14/2016,2072.261,1210.317,951.9811,1236.063,903.4836
12/15/2016,2058.752,1223.813,917.9009,1207.809,893.7161
12/16/2016,2013.064,1203.837,869.1306,1178.7621,877.0984
12/17/2016,2069.329,1245.265,926.4723,1245.207,902.2814
12/18/2016,1719.881,1189.052,911.9077,1238.019,1085.101
12/19/2016,1532.06,1211.804,867.8792,1196.099,1153.987
12/20/2016,1528.09,1271.72,854.45,1182.201,1470.79
12/21/2016,1555.613,1295.27,878.1454,1199.508,1687.945
12/22/2016,1542.915,1287.15,851.53,1190.576,1669.461
12/23/2016,1519.786,1278.47,823.8979,1157.072,1643.251
12/24/2016,1535.049,1287.87,834.7529,1161.039,1656.816
12/25/2016,1510.11,1268.769,802.5171,1125.165,1630.807
12/26/2016,1484.726,1218.086,792.2769,1089.843,1605.374
12/27/2016,1497.485,1272.978,808.5892,1092.374,1617.731
12/28/2016,1513.816,1275.727,815.985,1099.622,1631.296
12/29/2016,1530.683,1285.251,822.519,1111.422,1646.016
12/30/2016,1506.13,1285.979,788.193,1085.385,1621.966
12/31/2016,1477.986,1274.425,777.747,1045.429,1596.023
1/1/2017,1454.29,1264.791,773.685,1014.884,1576.128
1/2/2017,1492.706,1274.275,813.95,1044.821,1608.843
1/3/2017,1501.98,1279.356,815.692,1078.825,1614.51
1/4/2017,1465.52,1267.726,800.091,1034.828,1581.555
1/5/2017,1514.633,1283.369,821.452,1077.815,1622.969
1/6/2017,1544.39,1302.974,824.146,1155.85,1649.573
1/7/2017,1514.668,1301.045,799.3864,1131.747,1619.968
1/8/2017,1461.667,1280.1,761.5558,1070.83,1568.695
1/9/2017,1508.502,1291.52,999.1814,1107.966,1609.134
1/10/2017,1539.662,1309.533,989.2825,1156.867,1634.942
1/11/2017,1518.925,1306.623,972.9911,1132.182,1612.234
1/12/2017,1531.164,1317.163,965.8309,1136.215,1620.606
1/13/2017,1540.656,1325.002,967.3065,1141.229,1626.821
1/14/2017,1553.894,1337.291,963.169,1162.481,1635.236
1/15/2017,1525.735,1328.33,911.7979,1142.519,1606.583
1/16/2017,1480.673,1312.202,852.1077,1090.207,1559.57
1/17/2017,1485.635,1305.893,874.8212,1084.762,1562.93
1/18/2017,1534.964,1324.145,913.3191,1136.673,1609.342
1/19/2017,1573.025,1353.784,965.6392,1234.451,1640.944
1/20/2017,1587.391,1371.685,1019.5704,1266.528,1652.368
1/21/2017,1600.322,1380.719,1083.632,1304.621,1656.109
1/22/2017,1523.322,1355.843,981.7115,1217.2578,1583.328
1/23/2017,1511.702,1348.941,957.2297,1195.152,1569.516
1/24/2017,1532.177,1348.318,894.168,1205.158,1307.60237
1/25/2017,1543.066,1355.69579,844.8832,1203.908,1115.035
1/26/2017,1524.397,1348.246,828.3301,1037.661,1102.87
1/27/2017,1495.994,1335.695,814.6,916.425,1081.951
1/28/2017,1474.227,1325.848,808.693,890.812,1067.148
1/29/2017,1427.125,1302.44,798.577,851.747,1032.577
1/30/2017,1426.697,1249.034,807.583,842.76,1031.219
1/31/2017,1453.971,1303.758,813.532,850.113,1051.54
2/1/2017,1499.89,1351.691,825.97,876.66,1084.022
2/2/2017,1513.34,1366.604,819.847,884.879,1092.64
2/3/2017,1506.806,1362.346,811.79209,872.85369,1087.315
2/4/2017,1488.359,1344.874,805.554,850.368,1072.476
2/5/2017,1477.024,1335.601,801.014,832.692,1064.424
2/6/2017,1341.374,1340.793,818.819,846.9417,935.473
2/7/2017,1134.663,1343.168,804.3178,837.3546,754.1217
2/8/2017,1127.527,1341.208,804.4434,823.8757,762.6429
2/9/2017,1135.496,1346.174,806.9648,823.8608,775.7851
2/10/2017,1123.269,1340.073,795.293,804.9071,766.6848
2/11/2017,1083.952,1319.952,779.4987,760.6643,739.2805
2/12/2017,1119.984,1331.572,804.4193,792.254,762.3639
2/13/2017,1127.061,1335.831,799.3014,790.941,765.74755
2/14/2017,1125.949,1340.193,797.9827,785.5736,764.7701
2/15/2017,1158.648,1352.175,817.3038,820.3931,788.4211
2/16/2017,1197.696,1414.197,829.6645,872.2941,814.1121
2/17/2017,1218.053,1445.304,838.3771,847.6083,826.6937
2/18/2017,1192.256,1440.91,818.3573,912.9957,807.5673
2/19/2017,1216.217,1457.709,874.3276,942.8657,823.434
2/20/2017,1224.991,1470.049,853.454,953.2626,828.6548
2/21/2017,1185.913,1450.861,803.8383,895.2982,801.6806
2/22/2017,1219.935,1466.032,849.7379,936.4622,824.5184
2/23/2017,1248.262,1472.1032,873.7042,970.8021,820.8358
2/24/2017,1107.5684,798,929.8479,907.5221,762.2235
2/25/2017,1228.228,1137.609,878.2501,987.5873,815.8804
2/26/2017,1204.99,1525.059,833.946,950.405,810.293
2/27/2017,1179.698,1501.313,806.5711,910.4257,784.805
2/28/2017,1139.217,1460.659,798.3614,858.9372,615.8588
3/1/2017,1175.956,1470.326,809.7093,893.0763,791.414
3/2/2017,1312.183,1383.669,831.3023,940.0407,924.6854
3/3/2017,1477.068,496.3448,867.8151,1170.509,1454.642
3/4/2017,1458.24,1495.26,954.704,1199.2015,1384.2154
3/5/2017,1195.921,1415.925,878.817,1050.201,1239.374
3/6/2017,1140.476,1366,816.202,989.832,1110.225
3/7/2017,1097.92,1316.32,792.882,940.9489,1080.032
3/8/2017,1081.576,1298.159,805.4849,928.1062,1077.403
3/9/2017,1102.504,1343.223,802.2197,926.1788,1085.773
3/10/2017,1085.121,1376.296,796.752,902.2161,1064.892
3/11/2017,1097.268,1403.194,799.6081,908.3628,1078.753
3/12/2017,1077.935,1402.347,790.7713,885.6084,1055.737
3/13/2017,1078.401,1349.448,793.7535,879.5648,1053.528
3/14/2017,1091.347,1368.253,798.2614,883.2143,1066.927
3/15/2017,1109.795,1413.365,802.2905,893.1904,1087.431
3/16/2017,1119.372,1445.699,804.224,897.7045,1098.22
3/17/2017,1155.356,1500.831,818.2102,930.3466,1144.692
3/18/2017,1145.077,1516.702,796.57,910.1797,1129.694
3/19/2017,1081.18,1467.936,766.5324,838.4101,1051.203
3/20/2017,1060.207,1419.231,775.3309,810.6589,1022.294
3/21/2017,1077.056,1417.642,785.907,820.8904,1041.398
3/22/2017,1123,1459.304,803.7789,859.8323,1095.3
3/23/2017,1162.12583,1517.67144,813.4949,897.648,1147.474
3/24/2017,1141.044,1509.397,781.8303,863.3871,1115.582
3/25/2017,1100.021,1476.192,770.471,814.5607,1064.304
3/26/2017,1101.452,1468.194,776.7565,808.8076,1064.995
3/27/2017,1088.851,1456.011,769.9332,785.6081,1046.18
3/28/2017,1091.283,1440.921,776.415,781.851,1047.919
3/29/2017,1121.095,1469.568,791.021,807.813,1083.414
3/30/2017,1168.58,1518.932,805.464,861.131,1136.58
3/31/2017,1170.304,1505.692,794.312,857.264,1130.723
4/1/2017,1161.698,1519.392,780.236,840.236,1116.872
4/2/2017,1128.245,1485.587,768.749,786.608,1073.273
4/3/2017,1090.343,1448.338,747.739,735.081,1023.195
4/4/2017,1059.777,1424.342,693.686,739.475,984.721
4/5/2017,1071.973,1429.217,720.348,748.231,995.119
4/6/2017,1127.279,1467.471,793.554,758.114,1049.32
4/7/2017,1111.93,1456.742,762.4041,731.5707,1023.262
4/8/2017,1111.754377,1445.188716,762.8153,725.028772,1019.689402
4/9/2017,1024.141,1322.907,741.4405,837.3818,945.3898
4/10/2017,1017.89,1281.573,920.7728,1097.747,985.1902
4/11/2017,1298.381,1420.16,964.631,1259.047,1013.069
4/12/2017,1492.639,1428.571,931.7589,1227.247,995.1573
4/13/2017,1543.079,1478.27,964.0729,1274.041,1041.64
4/14/2017,1458.459,1449.21,861.6882,1191.132,969.2286
4/15/2017,1457.105,1427.169,857.8683,1180.558,968.5583
4/16/2017,1461.81,1431.678,848.7922,1173.232,1048.974
4/17/2017,1468.171,1431.153,842.8792,1163.254,1218.031
4/18/2017,1446.888,1419.376,813.3797,1141.762,1261.638
4/19/2017,1489.907,1394.224,851.9515,1171.954,1314.156
4/20/2017,1535.33,1446.472,885.4891,1259.319,1407.838
4/21/2017,1563.769,1501.21,944.2309,1301.752,1437.222
4/22/2017,1581.75,1532.656,1024.3,1352.216,1467.792
4/23/2017,1550.781,1498.262,986.137,1314.47,1434.507
4/24/2017,1536.471,1479.065,958.5083,1288.925,1416.814
4/25/2017,1517.617,1454.361,927.7773,1257.985,1392.425
4/26/2017,1520.846,1459.163,923.8591,1249.68,1368.302
4/27/2017,1528.19,1463.693,923.513,1251.546,1364.859
4/28/2017,1527.174,1460.277,915.365,1243.365,1392.666
4/29/2017,1383.92,1394.212,768.719,1122.671,1259.886
4/30/2017,1329.09,1212.112,855.788,1070.22,933
5/1/2017,1379.139,1365.824,1022.18,1269.774,1354.068
5/2/2017,1279.876,1527.617,1254.511,1458.27,1355.81
5/3/2017,1281.334,1585.502,1160.365,1375.369,1152.828
5/4/2017,1271.843,1684.49,1220.615,1295.362,1144.587
5/5/2017,1267.74,1817.305,1210.154,1268.356,1140.562
5/6/2017,1280.90042,1835.94628,1222.764,1463.133,1150.588
5/7/2017,1275.300278,1799.672305,1198.3048,1433.87,1144.488718
5/8/2017,1281.628,1864.345,1149.2388,1466.21136,1151.029
5/9/2017,1297.919,1968.568,1156.292,1490.883,1169.966
5/10/2017,1295.679,2007.334,1154.2086,1338.46,1165.218
5/11/2017,1295.835,2036.404,1144.681,1149.8472,1162.107
5/12/2017,1294.674,2048.073,1131.039,1141.784,1159.386
5/13/2017,1289.68,2065.924,1121.877,1131.452,1153.383
5/14/2017,1280.817,2089.097,1115.558,1120.065,1144.866
5/15/2017,1291,2081.892,1121.929,1118.988,1150.791
5/16/2017,1271.325,2083.089,1101.139,1098.764,1132.717
5/17/2017,1288.878,2122.348,1129.375,1105.504,1144.971
5/18/2017,924.2917,1982.289,1007.076,1006.553,1041.014
5/19/2017,698.4035,1887.577,915.1567,931.2301,968.7286
5/20/2017,823.8084,1798.959,895.8965,918.473,963.231
5/21/2017,1074.088,1734.289,877.5333,892.8466,945.3441
5/22/2017,1071.224,1661.263,878.0546,928.9806,1033.926
5/23/2017,1030.882,1595.673,833.9298,1026.483,1278.215
5/24/2017,1064.534,1584.42,863.1476,1055.04,1329.005
5/25/2017,1167.509,1680.696,949.4765,1183.349,1496.424
5/26/2017,1215.693,1808.548,990.2484,1284.016,1524.319
5/27/2017,1083.081,1716.027,838.154,1120.913,1380.351
5/28/2017,1086.945,1652.377,851.331,1113.865,1369.454
5/29/2017,1129.425,1690.568,875.485,1151.591,1452.607
5/30/2017,1065.818,1298.039,807.758,1064.415,1366.336
5/31/2017,776.359,1663.828,770.93,1007.831,1315.556
6/1/2017,661.451,1675.389,772.513,1007.143,1327.531
6/2/2017,671.922,1708.382,780.827,1011.815,1097.643
6/3/2017,702.4829,1799.822,820.008,959.392,1013.582
6/4/2017,697.299,1841.855,760.369,890.365,998.559
6/5/2017,689.8619,1854.139,780.108,841.245,982.385
6/6/2017,701.8724,1871.094,809.8964,851.9447,1009.671
6/7/2017,737.2548,1994.552,871.6634,895.612,899.6478
6/8/2017,749.0997,2039.961,895.6972,908.4158,770.9008
6/9/2017,754,2036.914,907.0859,911.3511,752.4028
6/10/2017,775.1313,2111.07,1005.71,945.6134,783.6468
6/11/2017,769.7454,2155.059,1001.089,932.0696,762.7697
6/12/2017,717.1076,2055.277,889.1342,828.4212,716.8765
6/13/2017,742.8763,2025.201,939.8641,871.8854,743.9822
6/14/2017,716.6958,1947.434,872.032,815.7213,717.7357
6/15/2017,718.3237,1887.693,886.3206,809.8071,723.4911
6/16/2017,732.743,1882.387,894.9356,830.2637,749.173
6/17/2017,695.0366,1708.678,820.2701,754.6288,700.2061
6/18/2017,690.7079,1862.873,814.8871,737.4952,700.7184
6/19/2017,695.5945,1933.76,824.1191,741.722,828.0012
6/20/2017,718.2554,2063.618,846.9402,773.6011,1049.818
6/21/2017,708.0752,2059.701,820.8823,746.1149,1018.632
6/22/2017,695.1489,2003.023,794.0344,714.917,999.3514
6/23/2017,700.854,1968.818,803.622,784.167,1103.087
6/24/2017,924.2752,1851.294,784.5775,1042.769,1316.626
6/25/2017,1054.185,1938.152,775.8663,1032.007,1325.71
6/26/2017,982.987,1838.558,732.885,934.169,1221.268
6/27/2017,986.554,1769.747,732.989,930.901,1226.672
6/28/2017,1237.395,1750.373,743.908,935.902,1244.977
6/29/2017,1477.692,1831.71,748.692,970.14,1602.619
6/30/2017,1488.976,1875.808,752.511,974.576,1844.871
7/1/2017,1209.5,1795.989,720.053,915.223,1767.97
7/2/2017,1460.43467,1760.04105,717.6182,892.6464,1740.638
7/3/2017,1429.262,1698.43,718.473,847.986,1699.686
7/4/2017,1420.505,1659.914,721.373,828.6532,1689.492
7/5/2017,1453.589,1682.988,728.1194,852.4349,1756.25
7/6/2017,1460.038,1710.263,727.3514,849.1491,1743.705
7/7/2017,1457.043,1716.979,719.7469,836.9147,1748.549
7/8/2017,1459.337,1730.94,721.9016,831.2758,1728.33
7/9/2017,1512.96028,1809.5392,736.6339,880.3442,1840.951
7/10/2017,1537.705,1828.095,740.0003,922.1656,1889.037
7/11/2017,1558.235,1811.293,742.23384,995.4445,1934.9045
7/12/2017,1514.252,1794.211,716.894,937.4263,1871.065
7/13/2017,1520.946,1775.565,782.99511,936.16767,1868.793
7/14/2017,1593.051,1862.492,859.5952,1103.393,1991.196
7/15/2017,1611.471,2006.823,911.6791,1174.739,2028.652
7/16/2017,1220.253,2047.726,914.3044,1157.991,1290.238
7/17/2017,1149.902,2128.534,1004.913,1231.815,1127.556
7/18/2017,1165.698,2270.011,1068.207,1074.13,1147.42698
7/19/2017,1165.846,2313.311,1076.199,1009.754,1141.605
7/20/2017,1173.752,2354.841,970.2425,1011.905,892.51
7/21/2017,1174.365,2391.702,905.7336,983.8132,768.7922
7/22/2017,1177.038,2421.629,889.4258,972.2657,769.1124
7/23/2017,1158.222,2355.813,851.9719,938.5629,762.4005
7/24/2017,973.8075,1984.821,735.65,764.3185,629.0416
7/25/2017,997.5554,1970.985,773.876,779.011,654.6681
7/26/2017,1115.182,1575.026,831.574,890.2503,1166.837
7/27/2017,1087.036,2035.213,810.369,856.356,1409.66
7/28/2017,1157.5133,2207.4547,890.365,920.125,1501.199
7/29/2017,1142.82729,2261.85733,803.433,872.343,1463.202
7/30/2017,1066.534,2136.261,774.08759,823.0974,1349.419
7/31/2017,992.0525,2000.955,756.9766,741.4672,1242.261
8/1/2017,1007.905,1920.497,775.332,751.8473,1266.677
8/2/2017,1023.006,1887.571,758.4789,758.4789,1288.644
8/3/2017,1031.441,1855.789,778.1245,756.4399,1298.645
8/4/2017,1006.595,1824.038,760.6975,721.606,1259.257
8/5/2017,967.601,1748.147,754.5652,678.1514,1199.721
8/6/2017,964.4017,1677.532,758.7549,740.559,1199.101
8/7/2017,967.0154,1652.669,762.299,798.6144,1193.995
8/8/2017,1017.55,1698.818,773.7465,864.0816,1266.806
8/9/2017,1007.743,1714.854,761.7047,844.2017,1247.724
8/10/2017,1021.417,1740.3,768.8025,863.4257,1267.447
8/11/2017,827.458,1473.859,654.9169,692.3594,1276.705
8/12/2017,1161.682,1787.917,875.3516,899.8283,1288.36
8/13/2017,1387.109,1836.319,848.4158,869.0963,1255.398
8/14/2017,1336.278,1789.699,795.7158,813.5895,1202.021
8/15/2017,1357.266,1810.739,806.7599,827.7322,1232.572
8/16/2017,1382.315,1844.875,812.192,841.8021,1252.069
8/17/2017,1360.717,1847.29,777.9118,806.5359,1226.904
8/18/2017,1388.104,1871.584,795.2477,831.9266,1255.033
8/19/2017,1409.903,1920.416,799.992,868.8898,1273.858
8/20/2017,1400.155,1929.223,777.5292,876.4831,1264.73
8/21/2017,1311.701,1814.704,734.5748,771.8703,1165.033
8/22/2017,1368.557,1777.479,779.6456,824.4698,1229.099
8/23/2017,1452.44685,1923.33727,823.22031,977.57758,1300.084
8/24/2017,1530.907,2150.888,974.9251,1243.28,1425.177
8/25/2017,1504.432,2131.413,954.956,1218.109,1414.669
8/26/2017,1506.9,2056.218,993.987,1244.464,1415.454
8/27/2017,1243.221,1866.858,776.4625,995.6571,1129.686
8/28/2017,1420.861,1936.87,923.0175,1134.089,1318.531
8/29/2017,1437.106,2009.729,909.6133,1137.147,1332.759
8/30/2017,1255.763,1863.869,772.8424,970.2167,1145.424
8/31/2017,1361.468,1879.628,874.0377,1066.678,1260.489
9/1/2017,1506.001,2092.262,973.8448,1235.226,1409.285
9/2/2017,1350.025,1938.45,812.3992,1076.513,1229.543
9/3/2017,1247.349,1774.6,786.2216,981.2171,1120.859
9/4/2017,1313.593,1780.874745,805.5395,1042.482,1224.358
9/5/2017,1292.199,1726.736288,784.8571,1016.931,1208.255
9/6/2017,1306.965,1701.246,774.176,990.0233,1185.454
9/7/2017,1322.814,1695.881,780.5671,991.7207,1199.678
9/8/2017,1354.739,1734.6,796.2826,1016.36,1229.122
9/9/2017,1393.083,1832.435,812.1381,1039.815,1276.581
9/10/2017,1339.931,1807.711,767.0141,973.969,1206.916
9/11/2017,1341.03,1770.348,785.5012,969.1078,1208.294
9/12/2017,1436.99,1897.773,843.603,1056.574,1301.086
9/13/2017,1342.174,1828.634,776.5614,949.7898,1241.991
9/14/2017,1499.265,1965.055,918.0342,1177.875,1415.679
9/15/2017,1493.726,1965.529,910.7119,1183.497,1406.758
9/16/2017,1087.793,1968.003,871.1254,1149.614,1363.27896
9/17/2017,735.8013,1864.165,805.4905,1047.871,1252.215
9/18/2017,790.4019,1901.723,814.8871,1144.641,1366.125
9/19/2017,761.989,1851.51,793.6499,1061.78,1282.335
9/20/2017,734.5387,1769.541,767.2197,986.6594,1209.245
9/21/2017,794.6636,1872.196,841.1649,1090.2033,1263.478
9/22/2017,705.0960659,1790.72,708.1331752,923.4472996,1094.383129
9/23/2017,745.3807,1765.526,759.7845,975.8752,1211.052
9/24/2017,732.9777,1702.051,730.145,955.364,1174.854
9/25/2017,746.77,1700.798,710.245,950.236,1207.687
9/26/2017,779.4304,1816.27,784.2067,1012.764,1269.11
9/27/2017,778.1541,1768.694,760.9954,994.6943,1267.088
9/28/2017,760.315,1720.369,751.2531,905.8491,1189.09
9/29/2017,790.125,1760.125,767.8673,964.5725,1267.075
9/30/2017,756.2994,1638.114,755.124,945.124,1213.808
10/1/2017,730.258,1670.258,735.4965,852.7313,1160.345
10/2/2017,726.4966,1604.501,747.593,827.2125,1144.095
10/3/2017,760.258,1680.257,805.247,950.247,1222.203
10/4/2017,752.124,1671.254,788.351,926.315,1267.331
10/5/2017,771.025,1669.395,749.472,902.639,1251.655
10/6/2017,758.5499,1660.285,736.4701,847.0841,1199.586
10/7/2017,766.9976,1691.64,733.2676,950.7884,1220.718
10/8/2017,764.6887,1667.266,923.0373,1346.183,1215.802
10/9/2017,732.9008,1620.94,843.2418,1272.557,1139.361
10/10/2017,784.3943,1657.5,917.398,1411.02,1245.01
10/11/2017,782.2851,1044.556,878.4982,1483.851,1243.606
10/12/2017,748.5513,1660.111,793.0564,1362.34,1285.188
10/13/2017,761.2373,1692.764,808.4244,1399.393,1359.434
10/14/2017,784.9174,1635.048,770.7082,1336.94,1456.002
10/15/2017,919.8206,1574.579,743.2741,1285.828,1351.841
10/16/2017,957.1366,1572.95,773.6381,1335.044,1402.091
10/17/2017,961.434,1630.277,743.1013,1261.247,1365.787
10/18/2017,1219.945,1595.496,778.8254,1319.018,1419.581
10/19/2017,1412.033,1573.339,781.5559,1350.737,1499.099
10/20/2017,1386.693,1543.695,762.8155,1319.11,1491.141
10/21/2017,1431.406,1567.588,957.8847,1538.787,1558.924
10/22/2017,1374.425,1547.805,1029.63473,1594.93488,1492.378
10/23/2017,1212.568,1504.393,1041.685,1624.464,1540.874
10/24/2017,1022.272,1497.57534,1020.258,1598.364,1242.545
10/25/2017,1062.421,1556.011,1050.258,1610.253,1002.254
10/26/2017,999.996,1494.61707,1060.358,1660.258,957.7871
10/27/2017,1042.45996,1575.867,1256.221,1815.609,1037.666
10/28/2017,1063.153,1468.718,1280.13,1799.5884,1017.26
10/29/2017,1073.177,1398.767,1276.495,1803.056,1021.608
10/30/2017,1055.502,1307.771,1257.558,1768.096,996.4098
10/31/2017,1079.502,1280.398,1290.428,1810.079,1022.625
11/1/2017,1094.334,1266.561,1320.462,1848.925,1039.75
11/2/2017,1072.065,1041.41,1347.481,1871.316,1041.307
11/3/2017,1084.962,1315.179,1352.85,1856.843,1026.28
11/4/2017,1091.293,1275.41,1355.427,1870.218,1033.721
11/5/2017,1073.072,1266.835,1308.103,1816.292,1009.187
11/6/2017,1053.562,1252.939,1261.849,1754.849,981.8107
11/7/2017,1024.154,1234.186,1208.815,1648.883,945.9465
11/8/2017,1047.094,1242.562,1238.76,1706.558,970.8002
11/9/2017,1079.762,1323.185,1311.469,1813.719,1009.916
11/10/2017,1080.932,1548.395,1303.505,1936.59,1018.529
11/11/2017,993.9802,1470.166,1147.352,1737.582,903.756
11/12/2017,1020.444,1449.659,1188.162,1767.412,939.2761
11/13/2017,1021.078,1442.054,1173.735,1724.377,933.5494
11/14/2017,1046.674,1471.82,1202.052,1751.091,962.8008
11/15/2017,1008.223,1431.91,1119.21,1629.674,914.70175
11/16/2017,1045.634,1430.126,1213.902,1728.492,959.172
11/17/2017,921.2181,1328.609,1057.89,1498.34,805.5361
11/18/2017,1025.022,1431.037,1197.081,1730.649,932.4706
11/19/2017,1021.2518,1392.8742,1170.422,1701.475,914.7219
11/20/2017,1046.4827,1448.0524,1144.33,1672.12,904.2584
11/21/2017,1033.41,1407.592,1184.583,1694.453,937.156
11/22/2017,1040.256,1370.588,1214.86,1724.321,945.1926
11/23/2017,1014.457,1346.652,1170.272,1651.331,911.1011
11/24/2017,1033.558,1357.131,1191.335,1665.128,931.158
11/25/2017,1045.274,1348.036,1195.533,1686.587,944.4607
11/26/2017,1053.3331,1343.85251,1202.123,1715.478,944.7471
11/27/2017,1037.784,1346.223,1176.707,1686.194,892.1633
11/28/2017,1053.357,1319.266,1267.493,1815.332,925.2609
11/29/2017,1057.81,1333.778,1264.055,1803.047,942.6352
11/30/2017,1053.163,1331.106,1233.311,1768.441,892.8456
12/1/2017,1063.642106,1324.972624,1244.863,1765.128,914.4358
12/2/2017,1040.245,1310.245,1214.529,1747.173,903.9218
12/3/2017,991.9026,1270.523,1179.91,1656.643,874.3423
12/4/2017,1063.114,1312.374,1292.145,1786.407,929.9337
12/5/2017,1050.806,1300.305,1252.769,1738.316,912.3888
12/6/2017,1052.166,1290.57,1243.764,1729.632,912.0659
12/7/2017,1061.244,1293.785,1236.864,1737.407,911.683
12/8/2017,1091.807,1287.45,1278.421,1793.002,935.4449
12/9/2017,1045.171,1286.838,1203.12,1690.973,869.787
12/10/2017,1068.333,1286.501,1237.144,1718.276,896.2575
12/11/2017,1075.362,1278.478,1197.992,1756.606,906.1665
12/12/2017,1090.094,1282.36,1255.481,1795.021,923.6537
12/13/2017,1088.424,1277.051,1238.238,1789.958,918.9917
12/14/2017,1096.826,1278.82,1301.423,1884.079,928.3893
12/15/2017,1111.658,1281.024,1286.998,1842.191,948.3996
12/16/2017,1056.061,1264.612,1254.365,1784.729,877.9577
12/17/2017,1081.873,1271.722,1289.152,1897.629,922.9111
12/18/2017,1056.185419,1251.958234,1210.789,1761.882,891.3982
12/19/2017,1060.7044,1259.6572,1280.707,1823.915,892.1768
12/20/2017,1085.644457,1261.071847,1307.049,1846.181,915.9998
12/21/2017,1081.023,1247.694,1289.3328,1793.7052,902.7936
12/22/2017,1102.505,1236.721,1323.749,1829.347,917.9373
12/23/2017,1105.053,1255.639,1328.935,1826.901,914.3597
12/24/2017,1094.105,1254.337,1299.834,1812.932,901.7389
12/25/2017,1085.224,1243.455,1289.733,1805.428,895.6314
12/26/2017,1095.126,1252.904,1300.067,1817.125,897.227
12/27/2017,1103.629,1245.853,1290.574,1828.282,892.515
12/28/2017,1097.852,1246.274,1284.432,1812.903,883.8074
12/29/2017,1087.969,1243.915,1278.936,1793.401,865.6142
12/30/2017,1098.115,1236.649,1307.97,1819.846,877.2403
12/31/2017,1099.659,1236.97,1300.645,1816.189,873.7196
1/1/2018,1098.376,1234.661,1292.259,1815.508,865.1882
1/2/2018,1098.203,1233.289,1290.214,1813.456,856.8015
1/3/2018,1105.521,1229.362,1293.63,1817.253,868.8743
1/4/2018,1098.868,1225.252,1300.452,1820.147,854.1671
1/5/2018,1082.76,1218.559,1256.911,1772.614,826.2609
1/6/2018,1100.295,1220.567,1329.384,1805.28,848.358
1/7/2018,1092.645,1222.11,1295.812,1798.5831,834.1599
1/8/2018,1100.57,1216.737,1314.971564,1798.179055,837.8221
1/9/2018,1102.453,1211.424,1334.068904,1819.830991,838.356
1/10/2018,1107.083,1215.314,1336.115478,1820.577078,838.3223
1/11/2018,1095.531,1209.578,1295.461,1797.622,817.0603
1/12/2018,1017.616,1133.317,780.4036,1644.902,723.957
1/13/2018,1561.772,1145.757,951.4377,1493.321,701.1194
1/14/2018,1783.436,1099.962,1084.92,1264.698,741.07
1/15/2018,1599.73,1140.089,1157.025,1619.697,737.7026
1/16/2018,1133.85483,1191.18738,1309.218,1796.383,806.5041
1/17/2018,1124.741,1158.5,1312.618,1779.59,801.2366
1/18/2018,1132.821,1162.415,1308.971,1778.764,804.806
1/19/2018,1131.021,1173.446,1320.473,1775.674,808.8431
1/20/2018,1101.943,1138.36,1288.358,1733.341,782.1115
1/21/2018,1082.695,1144.149,1258.68,1687.517,764.149
1/22/2018,1089.347,1133.151,1257.964,1679.96,763.0043
1/23/2018,1074.127,1135.942,1233.12,1652.157,746.2648
1/24/2018,1058.12,1153.285,1213.747,1646.394,716.8124
1/25/2018,1088.001,1124.799,1248.125,1645.865,750.2675
1/26/2018,1072.489,1154.035,1245.004,1692.689,745.4136
1/27/2018,1070.554,1130.05,1224.906,1644.224,726.7919
1/28/2018,1072.786,1127.716,1218.663,1632.967,728.0514
1/29/2018,1014.064,1102.027,1154.489,1526.085,682.8685
1/30/2018,1045.783,1138.23,1193.776,1645.997,709.3729
1/31/2018,1077,1121.508,1223.571,1654.367,734.1447
2/1/2018,1080.328,1117.925,1222.882,1642.841,735.7648
2/2/2018,1053.02,1111.064,1181.069,1595.296,705.8553
2/3/2018,1119.567,1120.301,1299.683,1728.843,789.0061
2/4/2018,1086.485,1111.643,1252.445,1666.473,748.7092
2/5/2018,1072.924,1091.203,1221.572,1656.462,729.0258
2/6/2018,1051.457,1095.375,1190.135,1609.184,700.0547
2/7/2018,1095.924,1097.614,1241.56,1674.5,740.3698
2/8/2018,1086.486,1097.403,1228.984,1647.451,736.2103
2/9/2018,1067.964,1092.351,1212.187,1647.725,729.0688
2/10/2018,1075.964,1073.894,1218.078,1637.7,730.9212
2/11/2018,1066.449,1068.074,1194.61,1598.571,714.4214
2/12/2018,1046.894,1060.987,1189.102,1605.515,710.1699
2/13/2018,1084.179,1083.784,1231.509,1671.877,741.6776
2/14/2018,1107.175,1072.678,1259.091,1704.418,762.4362
2/15/2018,1140.112,1086.711,1328.69,1765.789,806.4127
2/16/2018,1135.269,1074.936,1341.105,1761.101,789.5402
2/17/2018,1139.471,1092.495,1359.201,1771.765,808.7997
2/18/2018,1137.521,1077.084,1347.977,1766.116,803.6987
2/19/2018,1136.965476,1073.882964,1340.399505,1763.693382,803.6742
2/20/2018,1145.142,1101.811,1368.509,1771.688,816.14
2/21/2018,1137.7683,1041.109,1350.271,1764.374,806.566
2/22/2018,1147.1666,1122.0766,1359.943,1771.257,815.4954
2/23/2018,1142.224,1148.99,1345.13,1756.579,808.6561
2/24/2018,1050.364,1167.81822,1368.176,1754.035,817.952
2/25/2018,1144.703,1159.592,1343.54,1752.477,776.369
2/26/2018,1154.82,1166.022,1260.984,1767.877,824.2397
2/27/2018,1141.397,1162.572,1209.382,1750.81,801.6376
2/28/2018,1147.766,1170.343,1233.131,1753.417,809.5614
3/1/2018,1150.342,1171.096,1244.898,1756.006,813.5916
3/2/2018,1144.945,1161.629,1222.567,1747.008,806.6341
3/3/2018,1173.704,1207.547,1183.728,1716.572,780.8614
3/4/2018,1116.622,1157.9,1194.519,1690.918,780.2595
3/5/2018,1133.021,1185.237,1201.381,1725.514,790.8846
3/6/2018,1112.082,1174.306,1186.106,1687.628,770.72
3/7/2018,1149.231,1184.111,1256.835,1742.65,815.8969
3/8/2018,1129.291,1156.625,1217.773,1723.681,789.7175
3/9/2018,1138,1166.792,1216.85,1729.533,791.0685
3/10/2018,1139.927,1166.125,1212.112,1723.275,819.4725
3/11/2018,1121.793,1158.975,1173.237,1695.397,760.6953
3/12/2018,1123.412,1171.158,1189.882,1693.143,775.6046
3/13/2018,1078.361,1163.736,1128.724,1614.235,723.127
3/14/2018,1116.438,1177.909,1189.918,1667.326,767.3618
3/15/2018,1147.634,1205.101,1241.507,1724.098,805.9378
3/16/2018,1144.965,1211.043,1235.223,1720.718,799.1967
3/17/2018,1132.135,1197.335,1209.896,1698.11,879.2681
3/18/2018,1109.757,1188.771,1167.935,1662.036,1066.787
3/19/2018,1110.022,1195.421,1159.63,1646.668,1050.586
3/20/2018,1107.839,1186.943,1202.6486,1730.6206,1042.544
3/21/2018,1073.875,1177.225,979.8077,1409.3567,1001.575
3/22/2018,1101.656,1193.242,1150.5645,1628.0534,1060.02
3/23/2018,1110.178,1176.824,1153.247,1630.124,1066.059
3/24/2018,1116.544,1175.106,1149.54,1620.144,1070.308
3/25/2018,1110.824,1176.431,1124.356,1646.362,1064.515
3/26/2018,1110.611,1174.942,1122.959,1642.131,1059.60356
3/27/2018,1102.603,1161.745,1118.245,1635.354,1041.745
3/28/2018,1103.614,1171.561,1120.031,1669.75,1038.536
3/29/2018,1098.109,1167.61,1115.457,1660.587,1034.437
3/30/2018,1115.008,1173.136,1106.96,1646.871,1062.26
3/31/2018,1116.224,1164.671,1100.453,1640.365,1062.934
4/1/2018,1114.915,1161.394,1095.364,1635.235,1060.823
4/2/2018,1119.85,1174.765,1113.1705,1637.6719,1059.087
4/3/2018,1120.333,1165.793,1141.72,1650.47,1074.333
4/4/2018,1113.839,1169.274,1152.13,1655.345,1059.944
4/5/2018,1111.569,1166.341,1119.9108,1633.3628,1051.555
4/6/2018,1120.66,1168.705,1130.7192,1638.8621,1061.313
4/7/2018,1108.854,1164.586,1109.6235,1629.1366,1050.068
4/8/2018,1100.508,1165.488,1099.529955,1614.318,1033.956
4/9/2018,1115.029,1165.973,1122.7831,1637.957,1066.657
4/10/2018,1113.508,1165.715,1122.7067,1627.6355,1056.303
4/11/2018,1117.968,1161.077,1119.0834,1626.6079,1054.409
4/12/2018,1110.371,1161.879,1123.8899,1626.2048,1051.396
4/13/2018,1094.136,1152.668,1107.7512,1598.9625,1037.427
4/14/2018,1065.489,1121.937,1069.8947,1541.8317,990.2868
4/15/2018,1067.744,1153.767,1065.6935,1542.8632,986.1724
4/16/2018,1070.293,1138.605,1074.491,1536.4208,984.2772
4/17/2018,1086.736,1134.031,1070.5857,1573.4884,999.917
4/18/2018,1072.881,1128.258,1046.4126,1540.5124,970.692
4/19/2018,1084.288,1131.096,1108.152,1601.762,1010.487
4/20/2018,1102.072,1138.13,1100.9737,1602.1173,1035.32
4/21/2018,1116.49,1139.178,1140.483,1635.8,1058.897
4/22/2018,1115.038,1138.716,1130.258,1640.32,1056.153
4/23/2018,1111.5019,1134.6274,1124.124,1630.258,1045.4601
4/24/2018,1112.5203,1141.4518,1133.642,1638.341,1045.5095
4/25/2018,1108.7425,1139.681,1139.038,1629.335,1055.5541
4/26/2018,1112.0721,1143.5883,1145.362,1635.347,1051.5657
4/27/2018,1093.1492,1144.7928,1140.254,1630.345,1022.3962
4/28/2018,1115.754,1153.9027,1150.784,1640.367,1077.3354
4/29/2018,1093.8866,1159.0328,1150.348,1642.824,1038.8542
4/30/2018,1102.6407,1154.4314,1133.548,1620.6523,1041.2771
5/1/2018,1033.7039,1128.4473,1077.5714,1550.3396,947.2944
5/2/2018,1108.602,1151.827,1189.9527,1670.065,1058.986
5/3/2018,1102.393,1133.903,1173.95,1635.774,1048.042
5/4/2018,1004.632,1144.544,1106.712,1487.889,939.9951
5/5/2018,1121.142,1145.307,1210.88,1654.054,1080.901
5/6/2018,1100.058,1143.902,1166.249,1621.924,1044.619
5/7/2018,861.1645,892.8886,1203.047,1724.377,1161.943
5/8/2018,0,0,1275.44,2278.15,2228.321
5/9/2018,1064.647,0,1130.118,2771.527,1356.325
5/10/2018,1024.321,771.1718,1038.138,2200.697,1247.764
5/11/2018,988.2629,1338.077,1033.547,1685.714,1199.686
5/12/2018,1016.091,1197.138,1043.1348,1713.1512,1240.501
5/13/2018,1032.192,1166.214,1072.192,1713.705,1260.138
5/14/2018,1070.737,1138.672,1056.0923,1751.9828,1309.938
5/15/2018,1067.289,1130.417,1097.8593,1711.4995,1304.334
5/16/2018,1075.636,1122.403,1103.9089,1704.25,1314.176
5/17/2018,1080.348,1119.253,1093.1286,1683.311,1316.509
5/18/2018,1083.593,1109.937,1102.4007,1671.9299,1317.948
5/19/2018,1076.521,1076.521,1078.9288,1625.7297,1307.995
5/20/2018,1095.403,1105.088,1110.9931,1632.4383,1327.533
5/21/2018,1090.959,1101.171,1103.7225,1600.2935,1320.925
5/22/2018,1097.6719,1103.8481,1130.9742,1624.863,1324.8482
5/23/2018,1104.4133,1104.6934,1169.7961,1646.7298,1312.9745
5/24/2018,1096.578,1095.9775,1143.7265,1629.8764,1301.4854
5/25/2018,1090.2276,1112.0645,1165.2324,1621.9768,1309.2781
5/26/2018,1096.855,1088.6651,1150.5496,1631.9744,1319.9328
5/27/2018,1099.0409,1081.9076,1142.7072,1634.5309,1303.195
5/28/2018,1091.2401,1091.6547,1127.527,1607.135,1322.4479
5/29/2018,1105.4385,1090.5084,1161.41,1657.9098,1333.5813
5/30/2018,1093.0887,1085.5989,1134.0963,1626.9267,1314.9851
5/31/2018,1092.9264,1085.7277,1122.3399,1618.8181,1311.633
6/1/2018,1096.907,1077.922,1123.995,1635.254,1313.889
6/2/2018,1102.333,1068.016,1131.048,1646.317,1281.416
6/3/2018,1110.582,1046.539,1154.377,1671.97,1287.598
6/4/2018,1106.77,1049.048,1146.497,1657.993,1289.427
6/5/2018,1104.864,1044.731,1141.668,1653.346,1288.674
6/6/2018,1102.743,1042.829,1133.698,1650.226,1278.464
6/7/2018,1105.144,1035.904,1140.673,1657.31,1278.411
6/8/2018,1104.525,1022.627,1142.967,1653.376,1272.334
6/9/2018,1106.926,1024.976,1157.98,1664.677,1277.32
6/10/2018,1104.525,1025.128,1155.0617,1659.0607,1277.304
6/11/2018,1118.131,1021.889,1207.4385,1701.0535,1176.774875
6/12/2018,1110.814,1014.01,1175.8632,1668.9882,1278.159
6/13/2018,1093.387,1001.863,1155.8296,1872.1033,1262.263
6/14/2018,1005.921,1005.921,1025.0031,2220.1006,1165.6
6/15/2018,995.1282,952.4778,1015.7061,2199.6209,1164.859
6/16/2018,980.342,945.6067,990.3155,2171.3935,1141.569
6/17/2018,1284.406,302.6693,1081.0668,2289.6092,1219.476
6/18/2018,1445.492,0,1158.5721,2382.7356,1268.663
6/19/2018,1432.922,0,1125.74,2366.238,1247.023
6/20/2018,1434.653,0,1158.313,2370.966,1256.222
6/21/2018,1438.4546,0,1180.7481,2378.7153,1265.7399
6/22/2018,1430.8817,0,1134.0955,2366.6495,1243.5865
6/23/2018,1424.4066,0,1114.3071,2356.3311,1227.7436
6/24/2018,1426.345,0,1109.9177,2361.9868,1233.4737
6/25/2018,1435.2661,0,1137.6041,2374.6973,1248.7914
6/26/2018,1434.057,0,1126.3315,2372.2231,1245.3258
6/27/2018,1428.4992,0,1105.1589,2363.5341,1231.8005
6/28/2018,1432.1925,0,1119.7677,2367.1404,1242.0038
6/29/2018,1438.4269,78.061,1178.1708,2377.4847,1256.7261
6/30/2018,1331.3991,854.7508,997.2661,2194.4141,1082.8509
7/1/2018,1337.542,949.0416,1007.002,2200.661,1103.749
7/2/2018,1099.815,971.577,1014.0555,2209.3349,1109.02
7/3/2018,998.3179,901.3307,1112.125,2235.345,1167.76
7/4/2018,990.6862,865.1754,1050.634,2273,1145.468
7/5/2018,979.4081,841.3514,1075.95,2246.2969,1119.26
7/6/2018,980.4668,813.3937,1188.379,2255.833,1114.96
7/7/2018,974.1685,806.841,1182.321,2266.521,1099.732
7/8/2018,982.2072,777.8851,1172.773,2250.001,1107.027
7/9/2018,982.5035,758.3359,1163.128,2257.855,1100.782
7/10/2018,987.8387,752.779,1173.6518,2189.7717,1098.188
7/11/2018,995.518,834.9028,1156.7493,2282.4116,1124.036
7/12/2018,975.0903,824.2454,1129.726,2238.799,1091.042
7/13/2018,990.8371,800.9773,1134.88,2262.37,1105.856
7/14/2018,995.7414,783.7783,1132.11,2283.907,1104.939
7/15/2018,1000.833,769.9653,1133.313,2295.871,1103.94
7/16/2018,1006.706,700.2271,1134.529,2305.676,1104.547
7/17/2018,1003.946,823.7271,1119.928,2303.854,1093.148
7/18/2018,1147.964,765.6045,1094.774,2537.201,476.6663
7/19/2018,1322.655,738.2269,1102.98,2829.348,0
7/20/2018,1087.716,719.8474,1046.859,2453.522,903.4772
7/21/2018,949.4647,699.97,990.4841,2190.76,1285.0136
7/22/2018,973.9179,694.1762,990.6501,2207.7376,1314.0621
7/23/2018,959.0633,681.729,974.7848,2191.2877,1239.3433
7/24/2018,968.0741,661.9959,971.4496,2208.0981,1304.6263
7/25/2018,958.1903,650.5008,987.371,2246.208,1297.2624
7/26/2018,1391.13,607.5898797,1136.320464,2345.529405,521.1706059
7/27/2018,1783.1594,762.8925,1162.6012,2309.832,0
7/28/2018,1491.871,683.3676,1090.0501,2190.341,351.7975
7/29/2018,952.9508,645.6297,1095.3944,2171.231,1312.9046
7/30/2018,957.3202,632.914,1084.7218,2160.124,1307.1997
7/31/2018,956.3417,622.8296,1076.443,2162.542,1302.059
8/1/2018,969.0594,619.3895,1083.882,2171.11,1313.74
8/2/2018,965.7189,596.5443,1059.024,2241,1311.432
8/3/2018,955.5841,596.5941,1048.125,2218.9885,1296.237
8/4/2018,959.2889,573.5612,1049.412,2220.251,1300.348
8/5/2018,968.5546,598.208,1061.6,2252.5547,1313.1262
8/6/2018,982.3132,539.5186,1080.562,2284.006,1327.445
8/7/2018,968.1316,592.121,1042.721,2246.1369,1308.992
8/8/2018,985.8076,563.091,1063.05,2284.3725,1322.681
8/9/2018,974.4184,552.6001,1057.251,2264.879,1316.665
8/10/2018,974.4184,543.6832,1092.823,2267.913,1317.644
8/11/2018,976.4744,566.4784,1097.35,2269.578,1317.547
8/12/2018,977.8223,568.8685,1087.734,2276.532,1318.666
8/13/2018,991.5661,550.5161,1103.581,2311.643,1337.723
8/14/2018,966.3417,538.1489,1063.235,2252.467,860.6623
8/15/2018,982.7814,599.8398,1092.187,2292.249,1329.521
8/16/2018,950.1954,798.5503,1024.54,2218.385,1284.824
8/17/2018,952.278,840.9753,1035.766,2218.947,1284.725
8/18/2018,952.5298,847.1842,1031.238,2223.564,1285.681
8/19/2018,926.9279,802.5734,1011.754,2168.715,1212.36
8/20/2018,977.7021,824.3949,1092.2901,2276.9936,972.0474
8/21/2018,913.3746,813.7174,1055.1942,2228.6626,1172.3791
8/22/2018,923.4066,791.8081,1013.5227,2162.1319,1249.7019
8/23/2018,920.3234,764.6983,1007.2215,2154.9584,1242.2196
8/24/2018,940.5975,739.8968,1021.5317,2197.5737,1267.2908
8/25/2018,937.034,732.8422,1006.636,2193.577,1261.5995
8/26/2018,945.7523,716.7008,1007.9431,2214.6714,1272.1911
8/27/2018,949.0287,706.8403,1003.7672,2222.433,1275.5905
8/28/2018,945.482,688.7712,992.1544,2220.4623,1272.2
8/29/2018,956.6746,676.3266,1005.7252,2244.8889,1284.6124
8/30/2018,971.2209,669.1314,1021.6923,2275.199,1302.49
8/31/2018,962.7407,665.3297,1001.4939,2255.1896,1287.308
9/1/2018,971.2062,647.6687,1008.3425,2280.7282,1299.692
9/2/2018,978.6707,644.7903,1029.1711,2280.5178,1198.109
9/3/2018,960.9513,625.1247,975.2274,2250.3831,1285.25
9/4/2018,966.9056,626.2712,1000.603,2264.5575,1290.32
9/5/2018,976.7604,627.0278,1005.4035,2293.834,1304.559
9/6/2018,979.8969,612.1544,1009.0996,2294.6854,1306.543
9/7/2018,988.7895,601.0857,1015.4509,2320.2545,1317.417
9/8/2018,989.5814,594.2803,1007.4198,2319.8459,1316.597
9/9/2018,983.9799,581.3347,1001.759,2308.167,1308.09
9/10/2018,989.0623,582.0161,1001.486,2321.943,1314.026
9/11/2018,990.1239,577.3322,997.6346,2321.258,1312.111
9/12/2018,992.7931,575.7032,996.441,2325.129,1312.973
9/13/2018,995.623,576.176,999.5152,2329.719,1314.937
9/14/2018,960.3217,593.8086,951.3757,2252.39,1264.769
9/15/2018,994.65,561.1727,1003.521,2328.155,1312.147
9/16/2018,996.4601,626.8702,955.0279,2326.38,1312.933
9/17/2018,985.7365,811.6619,889.5394,2308.09,1298.574
9/18/2018,943.7994,768.8851,950.6085,2219.362,1242.227
9/19/2018,952.6808,666.3998,962.2845,2234.0894,1252.0973
9/20/2018,955.1018,677.5275,958.7352,2242.0316,1253.6408
9/21/2018,946.0259,642.7477,932.423,2223.3372,1239.2256
9/22/2018,939.5972,644.1703,931.5214,2202.9553,1226.5271
9/23/2018,932.9578,656.0924,896.6435,2155.3122,1182.0374
9/24/2018,962.7056,646.7872,952.2276,2255.021,1258.7764
9/25/2018,946.684,638.4735,914.118,2222.5084,1234.5379
9/26/2018,956.176,615.6348,927.7423,2239.4914,1245.0827
9/27/2018,984.6913,622.751,974.9744,2305.0768,1283.7322
9/28/2018,945.1564,630.8089,946.6093,2214.5645,1222.2324
9/29/2018,1115.058,773.6005,1048.7674,2316.1346,1291.17
9/30/2018,1283.743,778.2549,938.1307,2198.685,1209.93
10/1/2018,1268.7819,689.9533,902.3333,2060.1124,1201.0516
10/2/2018,1291.5696,658.6377,949.1691,2180.402,1223.833
10/3/2018,1262.052,655.3604,920.398,2134.998,1190.315
10/4/2018,1265.712,649.1882,920.0519,2141.253,1196.693
10/5/2018,1293.543,637.0608,944.2653,2186.225,1223.152
10/6/2018,1294.12,614.5635,930.8187,2190.332,1223.712
10/7/2018,1296.479,607.4387,927.4113,2193.646,1224.281
10/8/2018,1304.932,588.2869,928.8384,2210.423,1231.195
10/9/2018,1277.652,575.4433,884.7285,2167.389,1202.325
10/10/2018,1280.585,570.0674,913.958,2167.833,1200.263
10/11/2018,1311.652,556.9636,942.8357,2221.425,1235.503
10/12/2018,1310.958,546.4438,944.6378,2223.372,1233.299
10/13/2018,1298.952,531.9902,915.1309,2204.217,1216.622
10/14/2018,1303.803,523.5481,927.1775,2209.487,1220.785
10/15/2018,1306.942,532.5438,920.9073,2216.432,1221.615
10/16/2018,1296.287,516.0906,899.1204,2200.586,1208.688
10/17/2018,1312.678,510.0747,920.2676,2224.872,1224.362
10/18/2018,1297.91,499.7778,886.4758,2203.342,1205.627
10/19/2018,1307.4647,500.8148,855.7898,2212.8619,1215.6183
10/20/2018,1307.4977,662.5809,530.7734,2218.3383,1213.4584
10/21/2018,1281.7597,543.3383,1107.507,2176.2206,1185.4541
10/22/2018,1277.287,530.9592,1059.2995,2167.7334,1176.8775
10/23/2018,1295.736,520.9747,1068.2489,2198.0084,1195.7257
10/24/2018,1295.0789,515.4159,1053.1408,2196.9707,1193.4685
10/25/2018,1286.898,500.8916,1035.0688,2184.0232,1181.4341
10/26/2018,1419.4855,484.4986,1016.8594,2176.7457,1173.8219
10/27/2018,1598.1085,459.5545,977.8926,2131.4741,1141.849
10/28/2018,1592.2296,443.7174,973.4916,2132.081,1142.0095
10/29/2018,1612.561,424.9728,986.1571,2165.04,1162.808
10/30/2018,1580.561,401.0931,952.1295,2136.226,1138.666
10/31/2018,1594.065,380.7511,957.6129,2151.627,1148.952
11/1/2018,1518.139,352.6891,916.5818,2059.454,1069.445
11/2/2018,1547.205,346.6493,919.8915,2098.766,1104.619
11/3/2018,1614.553,321.8134,964.6985,2178.215,1160.831
11/4/2018,1578.112,297.0775,938.5667,2283.808,1143.842
11/5/2018,1490.839,282.8456,842.5084,2628.209,1047.484
11/6/2018,1513.668,268.4472,836.1676,2607.726,1036.345
11/7/2018,1554.22,253.8846,832.266,2587.424,1022.345
11/8/2018,1463.524,232.9447,850.7913,2645.182,1043.552
11/9/2018,1469.138,227.1726,841.5059,2659.971,1048.171
11/10/2018,1599.102,201.1223,829.9655,2645.765,1024.084
11/11/2018,1602.705,161.0899,823.1555,2662.222,1032.926
11/12/2018,1606.967,144.8665,829.1011,2673.44,1034
11/13/2018,1596.997,115.1445,810.9764,2664.647,1028.971
11/14/2018,1616.327,89.5337,825.3287,2704.554,1013.96
11/15/2018,1611.441,74.648,813.1368,2703.137,1048.673
11/16/2018,1598.566,53.9,799.3969,2682.679,1021.369
11/17/2018,1600.789,20.9821103,798.6583,2693.916,1107.521
11/18/2018,1543.4725,0,743.8428,2595.9115,1278.0493
11/19/2018,1569.6785,0,734.2268,2646.5782,1297.8797
11/20/2018,1543.4222,0,809.2358,2599.9657,1283.9453
11/21/2018,1531.366,0,775.2838,2582.2853,1282.8731
11/22/2018,1530.9021,0,773.8383,2589.8587,1267.7377
11/23/2018,1538.1812,0,767.8186,2610.9739,1262.2888
11/24/2018,1534.742,0,761.6495,2611.2681,1249.8268
11/25/2018,1542.7063,0,782.5237,2631.4444,1285.6735
11/26/2018,1544.0548,0,670.8392,2655.323,1349.8804
11/27/2018,1474.9014,0,884.2049,2607.1366,1289.5836
11/28/2018,1454.739,0,867.8159,2591.31,1272.408
11/29/2018,1459.718,0,861.5906,2624.311,1291.251
11/30/2018,1451.47,0,814.9222,2510.684,1362.405
12/1/2018,1462.828,0,796.5682,2510.898,1486.114
12/2/2018,1460.754,0,789.5327,2492.272,1461.458
12/3/2018,1452.814,0,773.5272,2478.857,1439.641
12/4/2018,1462.363,0,765.6851,2475.832,1433.537
12/5/2018,1511.516,0,803.2439,2589.421,1340.465
12/6/2018,1492.484,0,798.8826,2629.1,1282.422
12/7/2018,1487.986,0,802.8156,2653.789,1280.927
12/8/2018,1477.983,0,794.1258,2668.905,1280.654
12/9/2018,1169.934,0,821.8442,2705.571,1400.431
12/10/2018,949.902,0,829.1763,2669.6434,1703.0261
12/11/2018,709.7761,0,847.0482,2717.488,1983.993
12/12/2018,1423.4331,0,769.7697,2546.275,1561.005
12/13/2018,1586.683,0,775.4701,2582.686,1360.096
12/14/2018,1571.33,0,774.7935,2586.655,1365.338
12/15/2018,1546.47,0,760.3889,2571.767,1352.988
12/16/2018,1522.758,0,750.2229,2554.429,1340.515
12/17/2018,1526.861,0,751.8613,2589.174,1358.305
12/18/2018,1501.8722,0,740.0307,2564.9811,1340.657
12/19/2018,1515.041,0,748.1142,2607.7336,1363.6314
12/20/2018,1496.0076,0,748.6846,2595.88,1347.698
12/21/2018,1495.9717,0,742.8029,2618.5525,1359.344
12/22/2018,1504.5921,0,757.0607,2649.1934,1377.5938
12/23/2018,1488.0394,0,740.9613,2642.0104,1365.8422
12/24/2018,1465.1331,0,731.8081,2604.2072,1335.2912
12/25/2018,1494.6103,0,732.13,2649.5806,1360.8635
12/26/2018,1474.2923,0,722.3761,2633.5268,1345.9113
12/27/2018,1494.9255,0,744.0307,2674.4722,1364.7085
12/28/2018,1476.851,0,736.0729,2673.762,1379.214
12/29/2018,1464.564,0,721.1036,2661.082,1382.501
12/30/2018,1458.489,0,716.9281,2667.513,1381.979
12/31/2018,1453.714,0,713.9928,2675.18,1381.675
1/1/2019,1456.637,0,717.9509,2694.624,1382.625
1/2/2019,1439.311,0,704.5639,2685.749,1368.654
1/3/2019,1438.732,0,711.5356,2688.54,1364.669
1/4/2019,1447.728,0,709.7346,2705.833,1391.059
1/5/2019,1447.519,0,709.0721,2721.972,1377.832
1/6/2019,1427.114,0,697.2487,2705.846,1367.733
1/7/2019,1436.389,0,697.3119,2728.5,1412.383
1/8/2019,1419.426,0,685.3442,2714.663,1391.459
1/9/2019,1418.379,0,685.5223,2720.121,1406.58
1/10/2019,1413.466,0,679.8689,2720.087,1390.569
1/11/2019,1375.781,86.65,692.4117,2694.258,1350.038
1/12/2019,1216.247,446.5,663.7985,2604.193,1322.267
1/13/2019,1222.175,811.4375,650.6771,2457.756,1110.581
1/14/2019,1160.179,847.052,666.316,2533.924,1085.922
1/15/2019,1138.346,820.3433,652.1019,2485.42,1056.854
1/16/2019,1138.759,817.7291,664.4148,2489.507,1058.206
1/17/2019,1147.5955,807.5347,664.821,2524.8967,1066.9449
1/18/2019,1158.8763,789.0915,631.1783,2557.014,1079.354
1/19/2019,1153.8547,801.3014,709.9897,2515.5782,1073.8362
1/20/2019,1156.2882,773.2779,703.2564,2554.1503,1073.3823
1/21/2019,1162.5285,787.1986,682.1563,2572.8278,1081.6866
1/22/2019,1157.3996,759.7636,676.3151,2561.0037,1073.588
1/23/2019,1158.1492,765.9213,670.4264,2565.2023,1072.3794
1/24/2019,1163.926,772.7816,665.6535,2580.7967,1079.4219
1/25/2019,1168.5388,761.7183,663.2156,2594.1911,1081.6557
1/26/2019,1164.6542,749.6669,663.7291,2584.312,1073.5219
1/27/2019,1174.099,741.9251,664.9717,2608.347,1072.818
1/28/2019,1161.295,724.3312,653.4149,2580.709,1054.317
1/29/2019,1176.818,766.2264,659.9823,2618.232,1051.629
1/30/2019,1174.111,749.6434,655.0237,2612.167,1042.365
1/31/2019,1172.4,713.1395,652.0652,2610.025,1048.312
2/1/2019,1183.54,740.007,660.3596,2635.386,1038.455
2/2/2019,1172.057,696.1497,646.6329,2610.61,1033.868
2/3/2019,1180.13,673.8916,658.1337,2630.262,1028.213
2/4/2019,1144.877,687.5032,656.3671,2549.457,1201.019
2/5/2019,1142.21,884.9267,650.7725,2544.002,1081.756
2/6/2019,1136.887,864.8843,650.3174,2530.977,1075.218
2/7/2019,1129.798,844.6454,652.3834,2513.636,1066.038
2/8/2019,1130.678,852.4963,647.7375,2518.276,1065.814
2/9/2019,1136.277,856.0253,655.2645,2530.887,1069.193
2/10/2019,1131.543,843.1498,649.4002,2521.581,1061.346
2/11/2019,1152.387,877.1782,673.3638,2568.983,952.1698
2/12/2019,1131.238,905.1696,649.8608,2525.91,1049.763
2/13/2019,1126.053,909.0013,659.0669,2513.09,1042.1
2/14/2019,1125.486,902.9075,648.1064,2513.384,1039.365
2/15/2019,1132.068,908.8893,651.6523,2529.902,1046.155
2/16/2019,1126.1383,887.2093,648.7302,2516.2679,1036.095
2/17/2019,1124.5242,883.1129,657.4552,2510.9248,1029.8833
2/18/2019,1139.5344,903.0305,643.3882,2550.3615,1043.1858
2/19/2019,1134.4539,901.4697,621.776,2538.6826,1041.0538
2/20/2019,1145.6264,900.1328,657.2167,2612.9544,1053.8866
2/21/2019,1131.2365,871.6536,653.4524,2619.1392,1031.9938
2/22/2019,1144.2873,867.6485,656.6975,2596.314,1046.0153
2/23/2019,1131.4173,826.1644,629.9223,2539.504,1028.1729
2/24/2019,1140.0519,834.8707,650.5668,2564.125,1031.9691
2/25/2019,1144.7239,885.6098,650.1824,2558.345,1038.2835
2/26/2019,1137.1968,861.8833,647.8251,2619.1392,1025.2008
2/27/2019,1147.2849,849.1503,654.4765,2594.185,1022.2928
2/28/2019,1147.438,835.3481,642.8748,2585.77,1002.5711
3/1/2019,1145.5924,815.0882,644.7115,2585.527,989.1822
3/2/2019,1132.852,789.2261,645.1401,2562.184,978.1433
3/3/2019,1158.907,816.0138,653.9507,2614.094,984.2943
3/4/2019,1160.893,850.6702,642.3182,2619.362,985.5846
3/5/2019,1162.0617,858.8757,641.1668,2638.12,989.2652
3/6/2019,1143.931,851.661,637.6379,2604.975,963.601
3/7/2019,1146.307,847.671,642.2,2607.632,959.423
3/8/2019,1141.171,921.959,640.2437,2594.909,956.1012
3/9/2019,1138.427,887.7531,644.4263,2613.182,946.8389
3/10/2019,1142.998,864.7248,644.6149,2629.1766,952.8687
3/11/2019,1134.715,863.0403,639.4652,2581.824,945.4438
3/12/2019,1135.374,864.0529,642.448,2581.655,943.8748
3/13/2019,1140.838,910.0488,634.8069,2596.642,959.1288
3/14/2019,1135.329,889.5251,641.8244,2582.249,947.3295
3/15/2019,1140.157,881.1186,628.1874,2597.717,949.0691
3/16/2019,1140.41,867.8087,631.344,2599.572,944.5338
3/17/2019,1141.408,857.3043,629.5917,2599.622,938.5266
3/18/2019,1137.4923,888.4976,631.6467,2590.5921,920.9392
3/19/2019,1127.1431,937.6865,617.6017,2570.2298,912.7222
3/20/2019,1135.1024,940.7842,629.2324,2588.1706,917.3116
3/21/2019,1141.4642,954.6097,626.5457,2603.7201,915.3263
3/22/2019,1133.2243,939.7848,620.698,2586.5087,899.3385
3/23/2019,1136.9008,941.119,624.4678,2594.0084,893.3277
3/24/2019,1135.3507,938.345,631.2905,2589.8609,885.259
3/25/2019,1106.5863,1067.227,610.3638,2527.4548,927.2624
3/26/2019,1100.9985,1050.8609,616.802,2518.2839,916.3553
3/27/2019,1096.6366,1030.2499,617.5586,2517.8262,904.474
3/28/2019,1107.6134,1000.7941,624.9379,2536.2942,897.2577
3/29/2019,1123.32,1047.141,619.665,2568.59,904.753
3/30/2019,1122.333,1024.633,610.5392,2565.073,891.9877
3/31/2019,1119.823,1007.24,614.1441,2560.376,879.5128
4/1/2019,1055.8174,1013.025,664.2816,2425.397,802.5198
4/2/2019,1107.359,997.5414,683.9803,2543.703,949.5261
4/3/2019,1106.983,1080.258,657.5754,2530.232,946.3501
4/4/2019,1099.253,1070.269,644.0421,2512.823,933.322
4/5/2019,1098.379,1051.187,636.9004,2512.04,927.502
4/6/2019,1091.351,1050.895,628.7809,2497.809,911.1202
4/7/2019,1094.768,1037.276,637.3911,2505.577,901.4047
4/8/2019,1095.908,1030.849,641.6912,2509.023,897.3759
4/9/2019,1110.688,1036.969,637.8264,2544.465,912.2574
4/10/2019,1111.823,1036.998,639.6617,2554.535,912.1385
4/11/2019,1106.415,1018.929,639.944,2553.258,905.0286
4/12/2019,1109.886,1000.885,635.3608,2543.543,892.7421
4/13/2019,1942.687,967.4843,650.346,2518.595,1247.327
4/14/2019,2020.185,949.9932,639.3633,2515.726,1290.975
4/15/2019,1975.125,934.1363,633.0891,2518.234,1318.655
4/16/2019,1904.6538,906.2984,636.8599,2486.3833,1277.3211
4/17/2019,1937.785,916.1177,643.6151,2527.9804,1339.5956
4/18/2019,1899.128,903.6543,634.673,2557.467,1410.4019
4/19/2019,1821.332,867.9938,631.36,2523.8403,1496.7115
4/20/2019,1822.0445,874.4506,636.3752,2552.7972,1610.2433
4/21/2019,1771.0172,853.8741,629.3318,2538.6682,1658.2208
4/22/2019,1741.6837,834.1232,631.642,2539.6978,1706.7634
4/23/2019,1703.6194,809.5206,627.0036,2533.2791,1662.3075
4/24/2019,1689.2541,794.3255,626.1696,2539.4092,1731.5641
4/25/2019,1038.2508,760.1483,619.4541,2457.7895,1671.7446
4/26/2019,1081.3976,816.2696,617.9039,2499.6592,1699.3234
4/27/2019,1076.1815,805.0423,617.4739,2485.2693,1670.577
4/28/2019,1095.1706,814.6192,624.5282,2522.3696,1690.9588
4/29/2019,1069.1401,772.7193,606.4495,2467.2586,1513.6567
4/30/2019,1073.7964,775.0193,621.6056,2472.751,1237.8525
5/1/2019,1086.767,765.3466,615.2949,2503.366,1261.862
5/2/2019,1077.845,741.0756,614.4976,2483.517,1245.065
5/3/2019,1084.03,735.0185,613.6955,2492.533,1250.443
5/4/2019,1107.9,750.8262,612.559,2541.332,1282.687
5/5/2019,1089.902,724.3188,610.9064,2502.922,1249.603
5/6/2019,1095.0078,721.7989,609.5517,2512.6377,1253.1122
5/7/2019,1100.7984,709.3563,612.5168,2522.5863,1257.1259
5/8/2019,1106.3946,705.4322,608.9733,2535.4145,1262.5161
5/9/2019,1103.971,706.5385,608.7673,2527.8756,1253.9241
5/10/2019,1104.9836,698.0117,599.8324,2531.912,1252.5249
5/11/2019,1107.483,694.9709,606.5482,2535.1634,1252.8094
5/12/2019,1108.4053,674.9685,598.2644,2538.7611,1250.4524
5/13/2019,1111.9889,676.9446,602.7042,2544.2707,1251.0032
5/14/2019,1071.4355,640.7004,601.9769,2538.4492,1240.7576
5/15/2019,1119.9076,674.4931,600.776,2561.1973,1215.3061
5/16/2019,1121.6374,675.2706,598.2892,2565.7247,1207.5258
5/17/2019,1129.1069,682.3927,595.5389,2582.5533,1209.456
5/18/2019,1120.314,670.258,590.368,2590.478,1200.584
5/19/2019,1131.5277,668.4268,592.7253,2587.3273,1193.0638
5/20/2019,1131.7101,656.4208,589.6034,2586.6065,1180.3179
5/21/2019,1079.7296,950.9459,742.4269,2338.7921,1081.3533
5/22/2019,1031.2861,969.5229,722.9914,2328.8666,1121.5369
5/23/2019,1021.5991,987.2925,701.9286,2309.5067,1104.2323
5/24/2019,1026.8436,979.2202,695.4644,2323.4828,1109.3424
5/25/2019,1032.8801,964.7504,695.8691,2336.282,1110.9488
5/26/2019,1035.9858,973.6453,680.5458,2346.321,1107.755
5/27/2019,1039.4791,959.3299,676.2281,2355.094,1098.6793
5/28/2019,1049.4447,951.9743,675.657,2376.0525,1093.8617
5/29/2019,1058.7868,942.6735,671.918,2398.7401,1090.6754
5/30/2019,1058.0085,929.3402,665.2383,2399.5097,1085.0852
5/31/2019,1065.4438,915.8325,665.8167,2415.5621,1088.0783
6/1/2019,1073.547,909.9544,662.1241,2435.083,1090.275
6/2/2019,1070.041,892.1816,650.1321,2427.435,1076.878
6/3/2019,1074.32,887.2458,653.5326,2439.501,1074.758
6/4/2019,1086.499,884.0943,651.2195,2466.413,1082.288
6/5/2019,1063.968,867.7143,740.3653,2417.743,1038.836
6/6/2019,1063.782,836.8088,802.1127,2416.379,1032.24
6/7/2019,1092.7905,757.2408,816.7605,2481.161,1082.1515
6/8/2019,1028.6027,927.604,796.0444,2354.6219,1031.9056
6/9/2019,1024.5098,976.435,795.0062,2341.8079,1020.4754
6/10/2019,1031.8016,978.1311,788.3968,2355.5705,1014.5084
6/11/2019,1035.9641,971.3365,778.7405,2364.2548,1005.3149
6/12/2019,1041.7053,962.1066,772.3407,2376.4164,996.93
6/13/2019,1051.1306,930.2564,770.44,2398.0867,991.6449
6/14/2019,1069.9425,871.2135,782.5411,2441.4891,998.276
6/15/2019,1087.197,789.3273,791.1661,2480.7308,1005.2332
6/16/2019,1075.336,733.044,892.2742,2462.7492,974.2775
6/17/2019,1035.223,774.3771,1013.5354,2381.9149,953.7294
6/18/2019,1070.823,733.2978,1036.526,2453.405,974.238
6/19/2019,1049.525,761.024,995.4576,2409.312,942.6568
6/20/2019,1033.726,878.4303,969.9806,2375.18,914.3136
6/21/2019,1029.778,904.2856,951.6107,2367.612,898.1796
6/22/2019,1031.041,918.5529,943.6793,2368.961,886.2264
6/23/2019,1036.296,942.316,930.5801,2380.344,877.6146
6/24/2019,1036.839,897.3646,923.0237,2381.181,868.8801
6/25/2019,1048.794,904.6858,924.2569,2404.78,869.3531
6/26/2019,1052.491,914.0493,913.6757,2414.387,861.9158
6/27/2019,1053.337,939.4765,902.3227,2416.681,851.4847
6/28/2019,1053.128,941.3194,890.6566,2417.449,839.3798
6/29/2019,1057.7035,954.9252,884.9846,2427.7516,833.4571
6/30/2019,1054.6337,936.2527,874.9954,2423.345,822.5034
7/1/2019,1057.038,968.9735,874.2078,2428.29,820.582
7/2/2019,1059.535,969.7659,866.1127,2434.944,807.6674
7/3/2019,1063.436,976.7656,860.9601,2442.602,801.0809
7/4/2019,1064.753,982.5557,851.8597,2447.827,792.0784
7/5/2019,1065.66,998.4607,842.3623,2451.678,782.8546
7/6/2019,1069.3765,990.7589,837.697,2459.4583,776.3918
7/7/2019,1069.782,998.3947,831.0978,2462.361,768.6367
7/8/2019,1070.96,992.1766,825.176,2465.464,762.4622
7/9/2019,1028.6913,995.35,922.4184,2379.1283,813.3686
7/10/2019,1036.0213,909.3682,981.3124,2394.0158,793.7291
7/11/2019,1014.5639,868.8557,1166.8597,2345.4276,764.5897
7/12/2019,1018.6501,880.7954,1168.801,2351.4796,758.3732
7/13/2019,1013.815,861.6294,1163.4455,2341.9011,743.4493
7/14/2019,1020.2857,870.0706,1167.0724,2353.165,738.5879
7/15/2019,1024.2458,878.6124,1164.8517,2361.7164,732.3406
7/16/2019,1025.2407,873.1899,1163.5768,2364.3791,722.9753
7/17/2019,1025.3463,890.446,1155.7795,2367.5988,711.9386
7/18/2019,1027.9787,894.0389,1154.0895,2370.5365,704.2871
7/19/2019,1038.515,852.3772,1176.146,2391.956,736.049
7/20/2019,1006.351,17.4218,1274.283,2552.21,1209.76
7/21/2019,660.8174,259.5503,1254.4896,2548.8187,1360.5435
7/22/2019,1079.371,0,1212.9913,2473.8157,1476.1915
7/23/2019,1075.438,0,1198.32,2464.322,1498.12
7/24/2019,1066.9623,0,1176.6419,2442.8383,1541.757
7/25/2019,1060.453,0,1157.914,2426.823,1524.952
7/26/2019,1063.735,0,1152.635,2430.426,1555.039
7/27/2019,1068.377,0,1144.754,2438.394,1530.364
7/28/2019,1075.385,0,1137.755,2452.34,1511.334
7/29/2019,1076.0838,0,1138.2554,2446.87,1522.5623
7/30/2019,1067.9653,0,1120.27,2427.1148,1559.8594
7/31/2019,1074.025,0,1112.538,2436.956,1559.249
8/1/2019,1879.46,0,270.9772,2448.3055,1559.1079
8/2/2019,2011.27,0,0,2485.03,1652.325
8/3/2019,1991.889,0,0,2517.363,1664.954
8/4/2019,1925.02,0,0,2497.479,1678.326
8/5/2019,1859.534,0,0,2477.368,1666.927
8/6/2019,1859.183,0,0,2505.755,1716.297
8/7/2019,1621.611,0,370.1366,2479.958,1683.958
8/8/2019,1003.1566,0,1429.2453,2310.2907,1478.8469
8/9/2019,1001.2466,0,1428.9818,2294.4647,1445.9354
8/10/2019,1008.6,0,1436.8396,2302.9949,1465.0704
8/11/2019,1031.0744,0,1568.8914,2039.131,1500.3851
8/12/2019,1053.069,0,1708.0529,1814.5159,1578.7054
8/13/2019,1060.3788,0,1721.7391,1783.1223,1588.5113
8/14/2019,1069.9289,0,1750.5238,1783.6529,1604.4899
8/15/2019,1065.0092,0,1735.7667,1778.2392,1571.6894
8/16/2019,1074.7955,0,1761.2436,1782.9321,1559.3412
8/17/2019,1077.6954,0,1762.829,1793.6633,1532.2916
8/18/2019,1079.707,0,1766.913,1798.153,1498.517
8/19/2019,1371.227,0,1587.588,1773.185,1442.601
8/20/2019,1513.8435,0,1507.5329,1730.3077,1455.0297
8/21/2019,1487.4903,0,1508.5,1691.7587,1447.4606
8/22/2019,1477.606,0,1527.2785,1681.8264,1489.9743
8/23/2019,1451.92,0,1516.3306,1639.4657,1521.1486
8/24/2019,1443.0454,0,1532.501,1611.119,1548.249
8/25/2019,1448.392,0,1565.762,1593.039,1579.888
8/26/2019,1438.902,0,1574.876,1578.402,1587.867
8/27/2019,1042.34,0,1570.9646,1559.9486,1515.1271
8/28/2019,1125.32,0,1622.187,1633.939,1629.669
8/29/2019,1412.3737,0,1556.1764,1585.0038,1589.3446
8/30/2019,1524.535,0,1558.376,1550.864,1565.132
8/31/2019,1505.8275,0,1557.972,1505.888,1554.9
9/1/2019,1500.5275,0,1585.7296,1485.9139,1553.5324
9/2/2019,1490.2812,0,1595.8909,1517.397,1534.381
9/3/2019,1477.879,0,1607.553,1548.871,1520.533
9/4/2019,1467.967,0,1621.543,1582.33,1510.016
9/5/2019,1455.661,0,1626.797,1602.755,1495.296
9/6/2019,1439.74,0,1622.949,1613.988,1488.325
9/7/2019,1420.6198,0,1613.2166,1636.0184,1484.5795
9/8/2019,1407.477,0,1618.1317,1657.4955,1478.3722
9/9/2019,1397.5624,0,1624.2283,1663.1895,1470.7849
9/10/2019,1431.6004,0,1612.9693,1679.4004,1453.3445
9/11/2019,1520.8285,0,1562.4857,1646.7476,1427.1016
9/12/2019,1509.4256,0,1577.8911,1620.4384,1439.0958
9/13/2019,1492.9295,0,1580.7051,1599.067,1485.9581
9/14/2019,1459.7278,0,1568.7322,1553.3596,1564.1733
9/15/2019,1453.6161,0,1581.866,1531.9607,1565.5033
9/16/2019,1441.5055,0,1590.4635,1533.7805,1601.0494
9/17/2019,1457.9306,0,1565.6728,1593.5131,1564.4793
9/18/2019,1456.627,0,1547.836,1642.704,1532.784
9/19/2019,1421.767,0,1563.445,1609.37,1549.078
9/20/2019,1418.109,0,1594.047,1590.319,1567.357
9/21/2019,1406.066,0,1607.121,1595.095,1565.485
9/22/2019,1396.702,0,1618.701,1592.499,1546.323
9/23/2019,1385.874,0,1627.834,1612.591,1530.1
9/24/2019,1408.022,0,1609.015,1625.828,1495.927
9/25/2019,1431.53,0,1611.713,1636.866,1474.568
9/26/2019,1425.805,0,1610.612,1641.236,1464.556
9/27/2019,1395.789,0,1615.75,1679.969,1456.623
9/28/2019,1361.3278,0,1571.5365,1699.2428,1559.7215
9/29/2019,1345.262,0,1564.266,1688.152,1563.54
9/30/2019,1352.93,0,1587.592,1702.899,1509.193
10/1/2019,1329.873,0,1564.519,1689.275,1574.578
10/2/2019,1325.639,0,1565.81,1681.207,1576.303
10/3/2019,1314.451,0,1562.074,1669.293,1577.805
10/4/2019,1319.786,0,1567.908,1656.526,1593.259
10/5/2019,1322.263,0,1578.501,1639.578,1593.282
10/6/2019,1324.402,0,1590.674,1629.448,1598.278
10/7/2019,1330.846,0,1605.859,1624.327,1589.645
10/8/2019,1325.1618,0,1605.4816,1642.7447,1577.163
10/9/2019,1319.0563,0,1609.1222,1664.4986,1548.0991
10/10/2019,1313.4407,0,1605.06,1692.7809,1516.4858
10/11/2019,1311.1157,0,1603.9685,1726.3488,1486.8284
10/12/2019,1308.0011,0,1598.2665,1752.4678,1473.5691
10/13/2019,1304.7133,0,1596.7975,1770.2332,1460.8965
10/14/2019,1305.8068,0,1599.585,1780.5286,1454.8078
10/15/2019,1310.917,0,1603.0242,1789.5884,1454.1434
10/16/2019,1315.0815,0,1605.7666,1802.1492,1465.0457
10/17/2019,1311.5662,0,1398.9291,1677.7637,1373.0434
10/18/2019,1374.561,0,1521.342,1754.825,1556.866
10/19/2019,1338.619,0,1535.615,1739.093,1563.499
10/20/2019,1305.3165,0,1541.498,1746.163,1555.514
10/21/2019,1309.3337,0,1553.76,1758.97,1537.793
10/22/2019,1315.833,0,1563.849,1769.242,1509.763
10/23/2019,1313.911,0,1568.23,1775.07,1485.046
10/24/2019,1318.167,0,1582.203,1781.524,1488.086
10/25/2019,1308.219,0,1579.372,1789.996,1464.464
10/26/2019,1305.906,0,1585.331,1799.926,1443.48
10/27/2019,1304.888,0,1585.936,1804.458,1452.687
10/28/2019,1302.159,0,1587.696,1805.871,1450.275
10/29/2019,1304.545,0,1588.019,1807.988,1455.812
10/30/2019,1300.657,0,1585.395,1810.611,1457.842
10/31/2019,1287.481,0,1522.353,1772.295,1503.521
11/1/2019,1296.902,0,1522.814,1748.096,1543.377
11/2/2019,1136.794,0,1529.466,1753.336,1553.953
11/3/2019,1305.474,0,1537.515,1755.041,1540.407
11/4/2019,1305.8722,0,1546.9215,1769.6373,1520.9716
11/5/2019,1306.755,0,1555.779,1779.679,1496.49
11/6/2019,1306.1,0,1560.682,1788.766,1475.773
11/7/2019,1307.3625,0,1563.8071,1797.4706,1468.4187
11/8/2019,1309.0338,0,1570.493,1803.9455,1461.7285
11/9/2019,1308.6202,0,1572.5195,1811.1594,1459.4839
11/10/2019,1306.9943,0,1538.0394,1788.5796,1529.3004
11/11/2019,1287.3999,0,1529.4152,1764.7661,1574.0585
11/12/2019,1284.0786,0,1528.7886,1766.1014,1559.2628
11/13/2019,1283.7692,0,1527.4263,1758.7346,1573.2551
11/14/2019,1288.9232,0,1528.5039,1760.2467,1569.0832
11/15/2019,1285.6176,0,1523.2316,1764.3098,1573.5063
11/16/2019,1290.7258,0,1522.4158,1759.1938,1567.6277
11/17/2019,1300.355,0,1535.148,1765.607,1550.66
11/18/2019,1302.743,0,1541.135,1781.985,1534.466
11/19/2019,1307.199,0,1549.594,1798.576,1525.661
11/20/2019,1300.227,0,1547.879,1798.074,1490.56
11/21/2019,1313.578,0,1557.818,1806.504,1491.037
11/22/2019,1306.135,0,1554.547,1806.195,1507.81
11/23/2019,1297.771,0,1539.4,1800.009,1496.203
11/24/2019,1301.605,0,1539.4,1807.43,1500.248
11/25/2019,1300.626,0,1510.725,1809.595,1526.734
11/26/2019,1288.039,0,1524.391,1801.298,1545.204
11/27/2019,1287.652,0,1536.512,1798.366,1534.51
11/28/2019,1284.221,0,1535.198,1800.805,1521.844
11/29/2019,1282.3253,0,1533.634,1801.555,1515.131
11/30/2019,1294.615,0,1529.97,1800.172,1523.102
12/1/2019,1291.191,0,1526.132,1800.081,1534.421
12/2/2019,1293.792,0,1520.484,1802.214,1539.759
12/3/2019,1293.792,0,1511.767,1801.107,1545.241
12/4/2019,1313.677,0,1504.977,1801.319,1558.618
12/5/2019,1287.177,0,1494.626,1800.798,1570.498
12/6/2019,1284.665,0,1486.679,1798.747,1606.046
12/7/2019,1272.8227,0,1464.1821,1787.5828,1629.7623
12/8/2019,1291.1192,0,1458.9618,1783.5518,1616.0831
12/9/2019,1296.4376,0,1461.6007,1786.5587,1608.0629
12/10/2019,1292.1565,0,1462.6071,1790.437,1591.8491
12/11/2019,1295.2414,0,1469.9358,1791.1725,1588.9806
12/12/2019,1267.8706,0,1361.4789,1683.9087,1393.4534
12/13/2019,1668.0102,0,1434.0065,1673.6797,1346.8712
12/14/2019,1697.6305,0,1447.822,1651.8229,1363.6478
12/15/2019,1631.9586,0,1454.7562,1622.074,1456.7663
12/16/2019,1598.6192,0,1445.4175,1597.5247,1509.4311
12/17/2019,1614.663,0,1458.05,1579.034,1538.602
12/18/2019,1579.598,0,1460.689,1562.115,1561.437
12/19/2019,1580.153,0,1461.595,1555.862,1585.924
12/20/2019,1571.314,0,1457.531,1546.601,1583.746
12/21/2019,1538.751,0,1453.246,1557.348,1584.326
12/22/2019,1521.566,0,1453.701,1602.14,1586.125
12/23/2019,1478.413,0,1452.999,1637.792,1565.027
12/24/2019,1425.216,0,1436.287,1645.891,1534.247
12/25/2019,1308.312,0,1433.917,1908.918,1533.585
12/26/2019,1321.984,0,1413.166,2057.15,1457.168
12/27/2019,1305.231,0,1403.0448,2047.5008,1424.5692
12/28/2019,1310.2892,0,1393.2127,2041.2472,1419.3375
12/29/2019,1313.8506,0,1395.4793,2048.8198,1413.0666
12/30/2019,1296.3946,0,1394.1673,2052.3688,1413.4351
12/31/2019,1313.7034,0,1393.6105,2065.9891,1425.5525
1/1/2020,1299.7663,0,1387.971,2073.2053,1422.7251
1/2/2020,1296.386,0,1380.4461,2081.6351,1425.6135
1/3/2020,1290.0277,0,1372.8568,2086.3383,1418.8814
1/4/2020,1282.1145,0,1361.7119,2090.2943,1411.6014
1/5/2020,1281.8953,0,1356.4586,2094.2796,1407.7205
1/6/2020,1284.4604,0,1352.9908,2105.2652,1414.156
1/7/2020,1288.9001,0,1343.7792,2114.7412,1403.7326
1/8/2020,1297.0274,0,1340.257,2110.424,1407.0856
1/9/2020,1268.9225,0,1332.5795,2083.6982,1406.5252
1/10/2020,1279.236,0,1324.377,2075.424,1398.6956
1/11/2020,1285.289,0,1320.914,2084.212,1482.93834
1/12/2020,1294.467,0,1340.55,2060.989,1453.823
1/13/2020,1281.495,0,1397.088,2065.076,1426.45
1/14/2020,1243.846,0,1408.2,2079.433,1354.885
1/15/2020,1275.935,0,1407.278,2061.698,1426.944
1/16/2020,1263.696,0,1400.467,2042.278,1443.875
1/17/2020,1272.415,0,1391.74,2038.465,1442.629
1/18/2020,1291.501,0,1375.372,2034.535,1442.843
1/19/2020,1291.365,0,1392.515,2029.344,1432.341
1/20/2020,1281.658,0,1393.093,2034.592,1437.864
1/21/2020,1282.914,0,1391.939,2040.865,1430.152
1/22/2020,1281.534,0,1386.611,2047.059,1424.958
1/23/2020,1284.24,0,1378.657,2051.854,1424.14
1/24/2020,1289.906,0,1368.598,2065.913,1419.718
1/25/2020,1293.891,0,1355.86,2069.277,1410.708
1/26/2020,1365.433,0,1261.956,1923.152,1265.243
1/27/2020,1558.325,0,1299.634,1959.35,1339.308
1/28/2020,1522.856,0,1320.031,1954.82,1367.654
1/29/2020,1480.802,0,1333.762,1974.676,1377.629
1/30/2020,1459.795,0,1349.822,2007.373,1354.989
1/31/2020,1430.958,0,1180.665,1713.531,1202.68
2/1/2020,1670.35,0,1290.943,1936.58,1342.877
2/2/2020,1615.625,0,1304.735,1932.878,1339.227
2/3/2020,1578.604,0,1330.412,1960.15,1364.66
2/4/2020,1538.126,0,1344.065,1977.353,1366.199
2/5/2020,1509.85,0,1354.198,1992.274,1342.183
2/6/2020,1488.091,0,1363.463,2005.926,1334.206
2/7/2020,1458.6171,0,1366.5405,2012.3754,1333.9658
2/8/2020,1441.797,0,1364.1403,2026.2536,1332.2784
2/9/2020,1423.6773,0,1368.2638,2043.3034,1350.8523
2/10/2020,1415.858,0,1367.219,2046.073,1354.141
